experiment_id,timestamp,label,rx,sub_0,sub_1,sub_2,sub_3,sub_4,sub_5,sub_6,sub_7,sub_8,sub_9,sub_10,sub_11,sub_12,sub_13,sub_14,sub_15,sub_16,sub_17,sub_18,sub_19,sub_20,sub_21,sub_22,sub_23,sub_24,sub_25,sub_26,sub_27,sub_28,sub_29,sub_30,sub_31,sub_32,sub_33,sub_34,sub_35,sub_36,sub_37,sub_38,sub_39,sub_40,sub_41,sub_42,sub_43,sub_44,sub_45,sub_46,sub_47,sub_48,sub_49,sub_50,sub_51
20260626_180449,2026-06-26T09:04:49.935362Z,skeleton,RX3,26.0,25.632011,23.086793,20.248457,17.088007,13.0,10.816654,9.219544,9.433981,9.848858,10.440307,11.401754,12.649111,12.649111,13.601471,13.928388,13.928388,12.649111,12.369317,11.18034,11.045361,11.045361,11.18034,10.198039,10.198039,9.219544,13.341664,10.198039,6.708204,5.385165,7.28011,11.18034,14.764823,17.888544,18.384776,19.646883,19.235384,19.026298,17.029386,16.278821,14.56022,12.649111,11.7047,10.440307,9.219544,9.055385,10.440307,13.416408,17.492856,20.59126,23.706539,25.942244
20260626_180449,2026-06-26T09:04:49.970205Z,skeleton,RX1,12.727922,14.142136,14.866069,14.866069,14.21267,12.806248,11.401754,10.0,8.944272,7.615773,7.071068,6.0,6.0,5.09902,5.830952,5.0,5.656854,5.0,5.09902,6.0,6.082763,7.071068,7.28011,7.615773,7.615773,6.708204,17.804494,19.416488,20.124612,19.697716,17.720045,15.524175,12.165525,7.071068,3.162278,2.236068,5.656854,9.219544,11.313708,13.453624,14.21267,15.620499,15.811388,16.643317,16.124515,14.764823,12.529964,10.816654,8.485281,6.708204,6.0,8.062258
20260626_180449,2026-06-26T09:04:49.998215Z,skeleton,RX2,19.849433,17.029386,14.21267,11.313708,8.485281,5.830952,4.0,5.0,6.403124,8.062258,9.433981,10.816654,12.806248,13.453624,14.21267,13.038405,12.083046,10.198039,8.062258,4.472136,2.0,4.123106,8.062258,10.440307,13.416408,14.21267,15.811388,14.142136,15.264338,16.155494,19.416488,21.377558,24.515301,25.96151,26.248809,25.632011,24.166092,21.931712,19.235384,17.0,14.317821,12.369317,11.045361,11.045361,11.401754,12.529964,14.21267,17.029386,19.104973,19.79899,21.931712,21.213203
20260626_180449,2026-06-26T09:04:50.025522Z,skeleton,RX3,10.77033,13.038405,14.035669,16.124515,16.278821,17.262677,16.124515,15.132746,14.035669,13.038405,12.041595,11.045361,9.055385,8.246211,8.544004,8.062258,7.81025,8.485281,8.602325,9.433981,8.944272,8.944272,7.615773,6.324555,5.09902,4.123106,18.248288,21.377558,23.769729,23.086793,22.847319,21.023796,19.235384,15.264338,12.529964,8.944272,6.324555,5.09902,5.0,6.403124,7.81025,10.0,12.041595,13.453624,15.0,16.643317,17.0,17.0,16.552945,15.652476,13.892444,12.041595
20260626_180449,2026-06-26T09:04:50.056723Z,skeleton,RX1,14.56022,16.492423,17.262677,16.278821,16.124515,14.142136,13.0,11.045361,9.055385,8.544004,7.615773,7.81025,7.071068,7.211103,7.211103,6.324555,5.09902,5.09902,5.0,6.403124,8.062258,10.77033,12.083046,13.0,12.083046,11.18034,24.186773,26.476405,28.160256,27.856777,25.495098,21.954498,17.492856,12.529964,7.28011,5.0,7.28011,11.18034,15.297059,17.464249,19.646883,21.84033,22.472205,22.847319,21.931712,21.023796,18.788294,16.155494,12.649111,10.0,8.944272,9.219544
20260626_180449,2026-06-26T09:04:50.085282Z,skeleton,RX2,9.433981,11.401754,12.727922,14.142136,14.142136,14.142136,13.453624,12.041595,10.630146,9.219544,7.071068,5.0,2.236068,1.0,3.605551,6.708204,9.486833,12.369317,15.033296,17.029386,17.262677,16.763055,15.231546,13.038405,11.313708,8.062258,21.18962,24.041631,25.70992,25.495098,24.33105,22.203603,18.248288,14.56022,12.083046,9.899495,10.29563,11.401754,12.041595,14.0,15.033296,16.03122,16.03122,16.124515,16.124515,15.297059,14.317821,13.601471,11.7047,9.433981,6.403124,6.082763
20260626_180449,2026-06-26T09:04:50.118497Z,skeleton,RX3,27.658633,26.172505,23.345235,20.518285,17.029386,13.601471,11.18034,9.486833,10.049876,10.049876,11.18034,12.165525,13.341664,14.142136,14.142136,15.132746,15.132746,14.142136,13.152946,12.369317,11.7047,11.18034,10.816654,11.401754,10.630146,10.630146,12.206556,9.219544,5.830952,5.09902,8.485281,11.401754,15.0,17.804494,19.104973,19.849433,19.416488,18.35756,17.464249,15.811388,14.317821,12.165525,11.045361,9.219544,8.544004,8.602325,10.630146,13.601471,17.492856,21.095023,24.413111,25.806976
20260626_180449,2026-06-26T09:04:50.147422Z,skeleton,RX1,18.11077,15.033296,12.041595,9.486833,8.062258,7.81025,7.615773,7.28011,8.062258,7.0,7.071068,7.28011,6.708204,7.211103,7.071068,8.062258,8.944272,10.440307,10.440307,10.440307,10.440307,9.486833,8.246211,6.082763,5.09902,4.472136,6.0,4.242641,7.071068,12.0,17.029386,21.0,24.020824,26.172505,27.658633,26.248809,25.079872,22.36068,18.35756,15.264338,11.661904,7.615773,4.0,4.472136,7.28011,11.045361,15.0,18.027756,21.023796,23.086793,23.086793,22.090722
20260626_180449,2026-06-26T09:04:50.175729Z,skeleton,RX2,10.630146,12.041595,13.601471,13.892444,14.764823,14.764823,13.416408,13.416408,12.529964,10.29563,8.602325,6.403124,4.242641,2.236068,2.0,4.242641,7.211103,10.29563,12.649111,15.132746,16.0,15.132746,14.56022,13.416408,11.401754,8.602325,21.470911,23.323808,24.413111,24.839485,23.430749,21.260292,17.804494,14.422205,11.7047,11.045361,11.18034,12.083046,13.038405,14.422205,15.811388,16.401219,17.029386,17.029386,17.029386,16.278821,14.866069,14.21267,13.038405,10.77033,10.198039,9.219544
20260626_180449,2026-06-26T09:04:50.212794Z,skeleton,RX3,10.29563,11.401754,13.152946,14.035669,15.033296,15.033296,15.033296,14.142136,13.152946,12.165525,10.198039,9.219544,8.062258,8.0,7.071068,7.28011,7.615773,8.602325,8.485281,8.485281,8.485281,8.485281,7.81025,6.403124,5.385165,4.123106,16.492423,18.681542,20.248457,21.023796,20.124612,18.867962,16.643317,14.422205,10.816654,8.062258,5.385165,5.0,4.472136,5.830952,7.211103,8.602325,10.816654,11.661904,13.0,13.928388,14.56022,15.297059,14.317821,13.341664,12.369317,10.29563
20260626_180449,2026-06-26T09:04:50.236819Z,skeleton,RX1,18.11077,15.297059,12.649111,10.0,9.219544,8.544004,9.219544,9.0,9.055385,9.219544,8.246211,7.615773,7.211103,6.403124,6.708204,7.28011,8.246211,10.0,10.0,11.045361,11.0,9.0,8.062258,6.082763,4.472136,2.828427,4.472136,2.828427,6.082763,11.045361,16.03122,21.0,24.083189,26.305893,26.683328,25.298221,23.769729,21.470911,17.492856,13.892444,9.433981,5.385165,3.162278,5.09902,9.055385,13.038405,17.117243,20.099751,22.203603,24.020824,25.019992,23.021729
20260626_180449,2026-06-26T09:04:50.266500Z,skeleton,RX2,11.18034,12.649111,12.529964,13.038405,12.806248,12.806248,12.806248,12.041595,11.401754,10.0,8.944272,6.708204,5.09902,3.0,2.0,4.242641,6.708204,9.219544,12.041595,14.142136,14.56022,14.317821,14.422205,12.041595,11.18034,9.219544,22.803509,24.758837,26.172505,26.248809,25.0,22.203603,19.209373,15.556349,13.038405,12.649111,12.041595,14.142136,15.524175,15.811388,16.763055,18.027756,18.027756,18.027756,17.088007,17.464249,15.652476,15.264338,13.601471,12.041595,11.18034,10.198039
20260626_180449,2026-06-26T09:04:50.296081Z,skeleton,RX3,10.0,12.649111,14.56022,16.278821,17.117243,17.262677,17.262677,16.278821,15.524175,12.649111,11.401754,10.440307,9.219544,8.062258,7.0,7.28011,7.615773,7.211103,7.81025,8.485281,8.602325,8.602325,7.211103,6.708204,5.385165,4.123106,19.104973,21.213203,22.671568,23.430749,22.203603,20.248457,17.492856,13.892444,10.816654,7.81025,5.0,4.0,5.385165,6.708204,8.062258,9.848858,11.7047,13.341664,15.297059,16.124515,17.029386,17.0,16.03122,14.0,13.038405,10.77033
20260626_180449,2026-06-26T09:04:50.325284Z,skeleton,RX1,18.027756,15.297059,12.041595,9.219544,8.944272,8.485281,8.944272,9.486833,9.219544,9.055385,8.0,8.062258,7.28011,6.708204,6.403124,7.211103,8.544004,9.219544,10.198039,10.198039,10.049876,9.055385,8.062258,6.0,4.123106,2.828427,5.385165,2.0,5.830952,10.29563,15.652476,19.723083,23.021729,26.248809,26.172505,26.248809,24.207437,21.095023,17.492856,13.416408,9.433981,5.830952,2.236068,3.605551,8.246211,12.369317,16.492423,19.646883,21.84033,24.041631,24.351591,23.4094
20260626_180449,2026-06-26T09:04:50.355332Z,skeleton,RX2,9.486833,10.29563,12.206556,12.806248,13.453624,13.453624,12.727922,11.313708,10.630146,9.219544,7.81025,5.830952,3.605551,1.0,2.236068,6.324555,8.246211,12.0,15.132746,16.492423,17.088007,17.492856,16.401219,14.866069,13.038405,10.440307,21.954498,25.942244,26.400758,26.925824,25.298221,23.086793,18.973666,15.652476,13.038405,11.401754,10.77033,12.165525,14.0,14.0,16.03122,16.03122,17.029386,16.124515,16.124515,15.297059,14.317821,12.649111,11.18034,10.0,8.602325,8.246211
20260626_180449,2026-06-26T09:04:50.385121Z,skeleton,RX3,27.313001,26.400758,22.36068,19.235384,15.231546,11.7047,9.055385,8.246211,8.062258,9.219544,10.630146,11.401754,12.806248,13.453624,14.142136,14.142136,15.556349,14.142136,13.453624,12.206556,11.661904,10.77033,11.401754,11.18034,10.049876,10.049876,11.7047,8.944272,5.0,3.162278,7.071068,10.816654,15.0,17.204651,19.104973,19.104973,18.601075,17.492856,16.155494,14.56022,12.165525,11.045361,9.055385,8.062258,6.708204,7.071068,8.944272,12.649111,16.492423,21.587033,24.041631,26.570661
20260626_180449,2026-06-26T09:04:50.415883Z,skeleton,RX1,18.384776,14.56022,11.045361,10.049876,8.062258,8.485281,8.944272,8.544004,9.486833,9.219544,9.055385,8.0,7.28011,6.708204,7.81025,8.485281,9.433981,10.29563,11.18034,11.18034,11.18034,9.848858,9.486833,7.28011,6.0,4.123106,5.0,3.162278,7.211103,12.083046,17.464249,21.470911,24.698178,27.202941,27.658633,26.870058,24.839485,22.203603,17.492856,13.892444,9.433981,6.403124,3.162278,4.242641,7.615773,12.649111,15.811388,18.973666,22.472205,23.769729,23.769729,22.847319
20260626_180449,2026-06-26T09:04:50.445115Z,skeleton,RX2,19.026298,16.0,13.0,11.045361,8.246211,5.830952,5.830952,6.082763,8.062258,10.198039,11.401754,13.341664,14.142136,16.03122,16.0,15.132746,14.56022,12.083046,9.433981,5.656854,2.0,2.236068,6.403124,9.433981,11.7047,13.152946,12.083046,12.165525,13.152946,16.155494,19.697716,22.847319,26.0,26.570661,26.925824,25.495098,23.194827,20.223748,17.117243,14.142136,12.369317,9.848858,9.219544,9.433981,10.77033,13.341664,15.132746,18.027756,19.026298,20.024984,21.023796,21.023796
20260626_180449,2026-06-26T09:04:50.475005Z,skeleton,RX3,10.29563,12.041595,14.21267,15.811388,16.643317,16.643317,17.204651,15.811388,15.0,14.21267,12.806248,10.630146,10.0,8.062258,7.615773,7.071068,7.0,7.28011,7.615773,8.062258,8.062258,8.602325,7.81025,7.071068,5.656854,4.472136,18.11077,21.023796,22.0,23.021729,21.095023,19.235384,16.278821,13.341664,10.198039,6.082763,4.123106,3.605551,5.09902,7.0,8.0,10.049876,11.401754,13.601471,14.866069,15.652476,16.124515,16.643317,15.0,14.422205,12.529964,10.440307
20260626_180449,2026-06-26T09:04:50.505510Z,skeleton,RX1,12.649111,13.601471,14.56022,14.56022,13.601471,11.401754,10.198039,9.055385,7.0,6.082763,6.324555,5.830952,5.656854,5.656854,5.830952,5.830952,5.385165,4.123106,3.0,3.605551,5.0,5.385165,6.324555,7.28011,8.544004,8.544004,17.720045,19.313208,19.235384,18.867962,17.804494,14.866069,11.313708,7.81025,3.605551,2.828427,6.082763,9.055385,12.165525,13.341664,14.866069,16.155494,16.552945,15.652476,16.124515,14.764823,12.529964,11.18034,8.246211,7.071068,6.403124,8.602325
20260626_180449,2026-06-26T09:04:50.537096Z,skeleton,RX2,10.440307,11.18034,12.041595,12.041595,12.041595,12.0,11.0,10.0,8.0,7.071068,5.0,4.0,2.0,1.0,2.828427,5.656854,8.485281,10.0,12.529964,13.928388,14.317821,14.035669,12.0,11.18034,8.544004,6.403124,18.973666,20.615528,21.377558,21.213203,19.104973,17.117243,14.142136,12.369317,10.29563,9.899495,10.0,11.18034,12.649111,13.0,13.601471,14.866069,13.601471,13.928388,13.601471,12.369317,12.369317,11.045361,9.0,8.246211,8.062258,7.81025
20260626_180449,2026-06-26T09:04:50.566192Z,skeleton,RX3,9.433981,10.440307,13.038405,15.033296,16.03122,16.03122,16.03122,16.0,15.0,13.0,12.0,10.0,9.0,8.062258,6.324555,5.830952,7.071068,7.211103,7.615773,8.246211,8.246211,8.062258,8.0,7.071068,6.082763,4.472136,18.601075,20.808652,23.323808,22.825424,22.36068,20.615528,18.027756,14.866069,10.440307,7.615773,5.0,4.123106,4.123106,6.324555,7.615773,9.848858,11.401754,13.341664,15.132746,16.03122,17.0,17.029386,16.03122,15.0,13.038405,10.440307
20260626_180449,2026-06-26T09:04:50.598850Z,skeleton,RX1,18.027756,15.132746,11.7047,9.433981,8.602325,8.544004,9.055385,9.0,9.055385,9.219544,9.486833,8.544004,8.062258,7.071068,7.81025,7.615773,9.219544,9.219544,10.049876,11.045361,11.0,10.0,9.0,7.071068,5.09902,3.605551,5.09902,3.605551,7.071068,12.0,17.0,21.023796,24.186773,26.476405,26.925824,26.570661,24.166092,20.59126,16.643317,13.601471,9.433981,5.830952,3.162278,4.123106,8.0,12.165525,16.124515,19.104973,22.090722,23.086793,24.020824,23.021729
20260626_180449,2026-06-26T09:04:50.625413Z,skeleton,RX2,9.899495,12.041595,12.206556,13.038405,13.038405,11.661904,11.661904,10.29563,9.433981,8.062258,5.830952,4.472136,2.236068,1.0,3.162278,5.09902,8.246211,10.049876,12.0,14.035669,14.317821,13.928388,13.416408,11.401754,9.219544,6.708204,18.439089,19.924859,21.540659,21.023796,19.235384,17.0,14.317821,11.7047,10.049876,9.219544,10.29563,11.401754,12.806248,13.453624,14.21267,14.866069,14.866069,14.866069,13.453624,12.727922,12.041595,11.401754,10.29563,9.219544,8.062258,7.615773
20260626_180449,2026-06-26T09:04:50.655214Z,skeleton,RX3,9.486833,10.0,12.165525,14.317821,14.56022,15.524175,15.297059,14.317821,14.142136,12.165525,11.18034,9.055385,8.246211,7.28011,5.830952,6.403124,5.830952,6.324555,7.28011,8.062258,8.0,7.071068,7.071068,6.324555,5.385165,5.0,19.849433,21.931712,23.345235,24.083189,22.803509,21.400935,18.027756,15.264338,10.816654,7.211103,5.656854,4.123106,4.472136,5.830952,7.81025,9.433981,11.18034,13.0,14.866069,15.524175,16.492423,16.278821,16.124515,14.142136,12.369317,10.29563
20260626_180449,2026-06-26T09:04:50.684987Z,skeleton,RX1,17.691806,15.0,12.529964,9.219544,9.055385,8.544004,9.433981,9.899495,9.219544,10.0,9.433981,8.944272,7.615773,7.071068,7.0,6.324555,8.062258,8.602325,9.219544,9.899495,9.899495,9.899495,8.485281,6.403124,5.0,3.162278,4.472136,3.0,6.403124,11.313708,16.970563,20.518285,24.207437,25.238859,25.942244,26.400758,23.086793,20.615528,16.492423,13.152946,9.219544,5.385165,2.236068,5.0,9.219544,12.806248,16.401219,20.615528,22.022716,24.083189,24.758837,23.345235
20260626_180449,2026-06-26T09:04:50.715752Z,skeleton,RX2,16.401219,13.038405,11.18034,8.246211,7.0,6.708204,7.071068,8.062258,9.848858,11.18034,13.0,14.317821,14.764823,15.264338,15.0,14.866069,13.453624,10.816654,8.062258,3.605551,2.0,4.123106,8.544004,10.77033,13.892444,15.0,11.401754,11.401754,12.649111,16.124515,19.104973,23.086793,25.317978,25.495098,25.96151,23.769729,21.931712,19.235384,16.124515,13.416408,10.440307,8.062258,7.28011,8.602325,10.630146,12.806248,15.811388,18.027756,19.416488,20.808652,20.808652,20.0
20260626_180449,2026-06-26T09:04:50.745537Z,skeleton,RX3,8.485281,9.848858,12.369317,14.317821,16.278821,16.278821,15.297059,15.297059,13.601471,12.369317,11.401754,9.219544,8.246211,7.0,7.071068,6.324555,7.211103,7.071068,7.81025,8.602325,9.433981,8.944272,8.544004,7.28011,6.082763,5.0,18.027756,19.924859,21.587033,22.36068,21.213203,20.099751,17.029386,14.0,10.0,7.0,4.123106,2.828427,3.0,5.09902,7.071068,8.062258,10.0,12.041595,14.142136,15.297059,15.524175,15.811388,14.866069,13.601471,11.401754,9.0
20260626_180449,2026-06-26T09:04:50.776602Z,skeleton,RX1,15.264338,12.529964,9.486833,8.0,6.324555,6.403124,7.81025,8.062258,7.615773,8.544004,7.28011,7.071068,6.0,6.082763,6.708204,6.403124,7.071068,8.602325,9.433981,9.433981,9.433981,8.944272,8.062258,6.708204,5.385165,4.0,4.242641,3.0,5.656854,10.0,15.0,18.439089,21.931712,22.671568,23.430749,23.021729,20.59126,18.788294,14.866069,11.7047,8.544004,5.385165,2.236068,3.605551,7.211103,10.29563,13.416408,16.124515,18.867962,20.248457,20.248457,20.248457
20260626_180449,2026-06-26T09:04:50.805221Z,skeleton,RX2,12.206556,14.422205,14.764823,14.764823,14.764823,13.416408,12.529964,11.18034,9.848858,8.544004,6.708204,5.385165,4.0,2.236068,4.123106,6.0,9.055385,11.045361,13.341664,14.56022,15.231546,15.264338,14.21267,12.727922,10.0,7.615773,18.0,19.104973,20.396078,18.681542,17.720045,15.811388,12.369317,10.049876,9.219544,8.062258,9.899495,10.630146,12.206556,13.601471,13.601471,15.0,14.21267,14.21267,12.806248,12.206556,10.816654,9.848858,8.246211,7.071068,8.062258,9.219544
20260626_180449,2026-06-26T09:04:50.835338Z,skeleton,RX3,9.486833,10.816654,13.453624,14.866069,15.620499,15.620499,16.278821,14.866069,14.142136,12.727922,11.313708,9.899495,8.485281,7.81025,6.708204,6.082763,6.0,6.082763,6.708204,7.615773,8.062258,7.211103,6.403124,5.656854,4.472136,4.472136,19.026298,22.090722,23.345235,23.537205,22.803509,20.880613,18.027756,14.866069,10.77033,8.246211,5.0,3.605551,4.472136,6.324555,8.246211,10.440307,11.7047,13.416408,15.264338,16.401219,17.029386,17.029386,15.620499,14.21267,12.806248,10.77033
20260626_180449,2026-06-26T09:04:50.865037Z,skeleton,RX1,18.027756,14.56022,12.165525,8.246211,7.615773,7.071068,7.615773,8.246211,8.062258,8.0,8.0,7.071068,6.324555,6.708204,5.656854,6.708204,7.615773,9.219544,10.198039,10.049876,10.049876,10.049876,8.062258,7.0,5.09902,4.472136,4.472136,3.605551,8.062258,13.0,17.464249,21.931712,25.059928,26.627054,27.802878,26.907248,24.758837,21.260292,17.804494,14.422205,10.0,6.403124,3.0,5.0,8.944272,12.649111,15.811388,18.973666,22.135944,23.4094,24.351591,22.472205
20260626_180449,2026-06-26T09:04:50.895080Z,skeleton,RX2,16.124515,14.035669,11.0,8.246211,7.211103,6.403124,7.28011,9.055385,10.0,11.045361,13.038405,14.0,15.0,15.033296,15.297059,14.56022,13.928388,11.18034,8.062258,3.605551,1.414214,5.0,8.062258,11.0,14.035669,15.297059,12.369317,12.041595,13.601471,17.0,20.59126,23.706539,26.400758,27.513633,26.925824,25.495098,23.194827,20.099751,16.03122,13.038405,10.198039,8.944272,8.485281,9.848858,11.401754,14.142136,17.117243,19.104973,21.095023,22.203603,22.203603,21.213203
20260626_180449,2026-06-26T09:04:50.925142Z,skeleton,RX3,9.848858,12.041595,14.21267,16.401219,17.204651,17.204651,17.204651,15.620499,15.620499,13.453624,12.727922,10.630146,10.0,8.602325,7.615773,8.246211,8.0,8.062258,9.219544,9.486833,8.944272,8.944272,8.062258,7.211103,6.403124,5.0,17.117243,20.099751,21.023796,22.022716,20.099751,19.235384,16.278821,13.341664,9.219544,6.082763,4.123106,3.605551,4.123106,6.0,8.0,10.049876,11.401754,12.649111,14.866069,15.652476,16.124515,16.643317,15.811388,14.422205,12.529964,10.440307
20260626_180449,2026-06-26T09:04:50.955283Z,skeleton,RX1,16.0,17.029386,18.027756,18.027756,17.029386,15.132746,12.165525,10.440307,8.544004,7.211103,6.403124,6.708204,6.324555,7.071068,7.071068,7.0,7.071068,6.324555,5.0,5.0,6.082763,8.0,10.049876,11.045361,11.045361,11.045361,25.019992,26.07681,27.294688,26.683328,24.351591,20.615528,16.552945,11.18034,6.082763,4.472136,8.0,12.041595,16.03122,18.0,20.024984,22.090722,22.203603,21.377558,21.377558,19.416488,17.464249,14.142136,11.0,8.544004,8.602325,10.198039
20260626_180449,2026-06-26T09:04:50.987051Z,skeleton,RX2,14.142136,16.278821,17.029386,16.401219,15.620499,14.21267,13.601471,11.401754,10.0,8.062258,6.708204,5.09902,3.0,3.605551,5.385165,9.219544,11.18034,14.56022,17.088007,17.888544,18.867962,17.804494,16.970563,15.0,11.661904,8.544004,22.36068,24.041631,24.698178,24.166092,21.470911,19.235384,16.155494,13.341664,11.0,10.440307,11.661904,13.601471,14.866069,15.620499,17.029386,17.029386,17.029386,16.401219,15.0,14.21267,12.727922,10.630146,8.944272,8.062258,8.246211,10.816654
20260626_180449,2026-06-26T09:04:51.016967Z,skeleton,RX3,27.202941,25.96151,23.537205,19.646883,15.524175,12.649111,9.433981,7.81025,8.544004,9.055385,10.049876,12.041595,13.0,14.035669,14.142136,14.142136,15.132746,14.142136,13.038405,12.0,12.041595,11.18034,11.7047,11.18034,10.29563,10.29563,11.661904,7.615773,4.123106,3.162278,7.071068,11.18034,15.132746,17.029386,19.026298,19.104973,19.416488,17.720045,16.552945,14.422205,12.806248,10.630146,9.219544,7.81025,6.708204,7.0,8.544004,12.083046,16.552945,21.023796,24.166092,26.0
20260626_180449,2026-06-26T09:04:51.050735Z,skeleton,RX1,16.155494,17.464249,18.788294,18.788294,16.552945,14.764823,13.038405,10.816654,9.219544,8.062258,7.615773,8.0,8.062258,8.246211,8.544004,8.544004,8.062258,7.211103,5.656854,5.385165,6.0,7.615773,8.944272,10.29563,11.18034,11.18034,26.019224,28.017851,29.154759,28.635642,26.925824,22.472205,17.464249,12.083046,6.324555,2.828427,7.071068,11.401754,15.524175,17.262677,19.235384,21.095023,22.022716,22.0,21.023796,19.026298,17.029386,14.0,11.18034,7.211103,7.28011,10.049876
20260626_180449,2026-06-26T09:04:51.075887Z,skeleton,RX2,16.278821,14.142136,11.045361,9.055385,7.615773,7.071068,8.062258,8.246211,9.219544,11.045361,12.041595,13.152946,13.152946,14.317821,14.56022,13.928388,12.529964,10.816654,7.81025,5.0,2.0,3.0,6.0,9.0,11.18034,12.649111,10.440307,10.049876,12.649111,16.155494,19.697716,21.931712,24.698178,25.0,24.515301,23.194827,21.023796,18.0,15.0,12.041595,9.219544,8.062258,7.81025,8.944272,11.401754,14.142136,16.124515,19.235384,20.223748,21.377558,21.377558,20.615528
20260626_180449,2026-06-26T09:04:51.105973Z,skeleton,RX3,28.442925,27.45906,23.537205,21.377558,16.278821,13.038405,11.045361,8.544004,8.602325,9.219544,10.816654,11.661904,12.529964,13.038405,14.422205,14.422205,15.811388,13.892444,13.038405,12.529964,11.7047,11.401754,11.045361,10.0,10.0,9.0,13.038405,8.602325,4.472136,5.0,8.944272,13.0,17.464249,19.697716,21.095023,21.633308,20.615528,19.79899,17.804494,16.643317,13.416408,12.649111,9.848858,8.062258,7.071068,8.062258,10.198039,14.035669,19.026298,22.0,25.019992,28.071338
20260626_180449,2026-06-26T09:04:51.135477Z,skeleton,RX1,17.691806,19.849433,19.849433,19.209373,17.804494,16.401219,13.038405,11.18034,8.944272,8.062258,7.0,6.324555,7.211103,7.211103,7.81025,7.071068,6.403124,5.830952,5.09902,5.385165,6.403124,8.602325,9.433981,10.816654,10.816654,10.816654,26.172505,27.802878,28.84441,28.178006,25.079872,22.472205,16.763055,10.440307,5.0,4.472136,9.219544,13.453624,17.029386,19.104973,21.931712,23.430749,23.600847,23.021729,22.472205,20.248457,18.027756,15.0,12.041595,9.486833,9.219544,11.661904
20260626_180449,2026-06-26T09:04:51.165039Z,skeleton,RX2,15.524175,16.492423,17.464249,16.278821,16.278821,14.317821,13.341664,12.165525,10.198039,8.062258,7.071068,5.0,3.605551,3.162278,5.0,8.246211,11.18034,13.152946,15.033296,17.029386,17.262677,17.464249,15.231546,13.892444,11.401754,7.81025,21.954498,22.847319,24.351591,24.041631,21.587033,18.439089,14.866069,12.083046,10.630146,10.816654,12.083046,14.56022,15.524175,16.492423,17.464249,17.464249,16.763055,16.763055,15.811388,14.56022,13.341664,11.045361,9.219544,8.944272,9.219544,11.18034
20260626_180449,2026-06-26T09:04:51.195292Z,skeleton,RX3,27.658633,26.400758,23.600847,20.0,16.401219,12.727922,9.433981,8.544004,9.0,9.219544,10.440307,11.401754,12.649111,14.56022,14.56022,15.297059,15.297059,14.317821,13.601471,13.0,12.083046,11.661904,11.401754,11.313708,10.630146,10.630146,12.041595,8.0,4.123106,3.0,8.062258,12.206556,15.264338,17.492856,18.788294,18.973666,19.646883,18.11077,16.0,14.035669,13.341664,11.401754,9.486833,8.246211,6.0,6.708204,9.219544,12.727922,17.029386,21.260292,24.758837,26.870058
20260626_180449,2026-06-26T09:04:51.231779Z,skeleton,RX1,16.552945,19.313208,19.313208,19.313208,17.088007,14.866069,13.341664,11.18034,9.0,7.071068,6.324555,6.403124,7.071068,7.211103,6.708204,6.708204,6.324555,6.082763,5.09902,5.0,5.830952,8.544004,10.440307,11.401754,11.401754,11.401754,26.0,27.294688,28.84441,27.802878,25.495098,21.931712,16.278821,10.630146,5.830952,5.0,8.544004,12.649111,17.088007,19.697716,21.023796,22.825424,22.472205,23.021729,22.203603,20.0,18.027756,15.264338,12.083046,9.0,9.433981,10.630146
20260626_180449,2026-06-26T09:04:51.256554Z,skeleton,RX2,15.652476,13.0,10.440307,8.0,6.082763,5.830952,7.211103,7.615773,9.486833,10.440307,11.401754,12.649111,12.649111,13.928388,13.416408,13.038405,12.806248,9.899495,7.81025,4.242641,1.0,4.123106,7.28011,9.486833,11.7047,12.529964,10.29563,11.18034,12.0,16.278821,19.235384,22.203603,24.186773,25.019992,25.019992,23.194827,20.396078,18.439089,15.524175,12.369317,10.049876,8.062258,7.211103,9.219544,10.29563,13.416408,15.231546,18.384776,19.697716,21.023796,20.124612,19.235384
20260626_180449,2026-06-26T09:04:51.284869Z,skeleton,RX3,8.602325,10.0,12.529964,14.317821,14.866069,15.811388,15.231546,15.231546,13.416408,12.529964,11.18034,8.944272,7.615773,6.324555,6.0,6.082763,6.324555,7.211103,7.81025,8.485281,8.485281,8.602325,8.062258,6.708204,6.324555,5.0,19.416488,22.203603,24.186773,24.020824,23.0,21.0,18.027756,15.132746,11.045361,8.062258,5.09902,3.605551,4.123106,6.0,7.0,9.0,11.045361,12.369317,13.601471,14.866069,15.231546,15.652476,14.764823,13.416408,11.7047,9.055385
20260626_180449,2026-06-26T09:04:51.321372Z,skeleton,RX1,17.262677,14.0,11.045361,9.486833,7.81025,8.062258,8.246211,9.055385,9.055385,9.0,9.055385,8.246211,7.615773,7.211103,7.071068,7.211103,8.544004,9.486833,10.198039,10.198039,10.198039,10.049876,8.0,7.0,5.09902,3.162278,4.472136,3.605551,6.708204,11.401754,16.763055,21.18962,23.769729,25.942244,26.07681,25.806976,24.083189,21.213203,17.029386,12.806248,9.219544,5.656854,3.0,4.472136,8.062258,12.041595,16.03122,19.104973,21.213203,23.345235,23.345235,22.36068
20260626_180449,2026-06-26T09:04:51.345216Z,skeleton,RX2,14.21267,16.401219,17.204651,17.204651,15.811388,15.0,14.422205,12.206556,11.661904,9.433981,8.062258,5.385165,4.123106,3.605551,4.472136,7.28011,10.198039,12.369317,14.866069,16.552945,17.492856,17.029386,15.556349,14.21267,11.661904,8.544004,19.104973,20.396078,21.84033,20.248457,19.313208,16.155494,13.601471,11.18034,9.219544,9.433981,10.630146,12.041595,13.453624,14.21267,15.620499,15.620499,15.620499,14.866069,14.866069,13.453624,11.401754,10.29563,9.219544,8.062258,8.944272,10.630146
20260626_180449,2026-06-26T09:04:51.375045Z,skeleton,RX3,9.219544,9.433981,12.083046,13.928388,14.866069,14.866069,14.866069,13.928388,13.0,11.18034,9.848858,8.544004,8.544004,7.071068,6.0,6.082763,6.708204,7.211103,7.81025,8.485281,9.219544,8.602325,8.062258,6.708204,5.385165,5.09902,16.763055,19.646883,20.615528,21.377558,20.223748,19.104973,16.03122,13.0,10.0,7.0,4.123106,2.828427,4.123106,5.0,7.071068,8.0,10.049876,11.18034,13.341664,13.601471,14.866069,15.231546,14.317821,13.0,11.401754,9.055385
20260626_180449,2026-06-26T09:04:51.407226Z,skeleton,RX1,12.369317,13.601471,14.56022,14.56022,12.649111,11.7047,9.848858,8.062258,7.81025,6.403124,5.830952,6.082763,6.0,6.0,7.071068,6.082763,6.324555,5.385165,5.0,4.472136,5.09902,6.0,7.071068,8.246211,9.219544,9.055385,19.026298,21.0,22.090722,21.377558,19.646883,17.088007,13.0,8.944272,5.09902,2.828427,5.09902,9.219544,11.18034,13.152946,15.033296,16.0,16.03122,16.03122,15.132746,14.142136,12.041595,10.049876,8.062258,5.830952,5.385165,8.0
20260626_180449,2026-06-26T09:04:51.435566Z,skeleton,RX2,16.0,14.035669,11.045361,8.544004,6.403124,7.211103,7.071068,8.0,9.055385,11.18034,11.18034,12.165525,13.152946,14.035669,14.0,14.035669,12.165525,10.440307,7.615773,4.472136,1.0,3.162278,6.708204,8.544004,11.401754,12.165525,10.198039,10.049876,13.0,16.124515,19.723083,21.954498,24.596748,25.079872,24.698178,23.769729,21.377558,18.248288,15.132746,12.369317,9.848858,8.602325,8.062258,9.486833,11.045361,14.0,16.03122,18.027756,20.024984,21.0,21.0,20.024984
20260626_180449,2026-06-26T09:04:51.465449Z,skeleton,RX3,11.401754,12.529964,15.0,16.278821,16.970563,17.691806,16.970563,16.278821,15.620499,14.21267,12.806248,11.401754,9.899495,9.219544,8.602325,7.615773,8.246211,8.062258,9.0,9.055385,9.219544,9.219544,8.544004,7.615773,5.830952,5.0,19.026298,22.0,23.021729,24.186773,23.345235,21.377558,18.439089,14.56022,11.401754,7.071068,5.09902,4.242641,5.385165,6.082763,8.246211,10.440307,11.7047,14.317821,14.764823,15.811388,16.401219,17.029386,16.278821,15.0,13.601471,10.77033
20260626_180449,2026-06-26T09:04:51.496592Z,skeleton,RX1,16.643317,17.492856,18.35756,18.35756,17.492856,14.764823,13.0,10.440307,9.055385,8.062258,7.615773,7.211103,7.071068,7.81025,8.062258,8.062258,7.615773,6.324555,6.0,6.708204,7.071068,7.81025,9.433981,10.29563,11.18034,11.661904,26.172505,27.658633,28.600699,28.301943,25.059928,21.931712,17.088007,11.7047,5.830952,4.0,7.81025,12.206556,15.0,18.439089,20.518285,21.213203,22.671568,22.022716,21.400935,19.416488,17.204651,14.21267,10.630146,7.615773,7.28011,9.899495
20260626_180449,2026-06-26T09:04:51.525456Z,skeleton,RX2,16.492423,13.341664,11.045361,9.055385,7.211103,7.81025,8.544004,9.219544,11.045361,13.038405,13.038405,14.142136,15.297059,15.297059,16.763055,15.231546,13.416408,11.661904,8.602325,5.385165,2.236068,4.123106,8.062258,10.198039,13.341664,14.866069,10.29563,10.198039,13.152946,16.492423,19.924859,22.803509,25.495098,26.305893,26.07681,24.0,22.090722,18.248288,15.132746,12.041595,9.0,8.246211,7.071068,8.944272,11.7047,13.341664,16.278821,18.439089,20.615528,21.587033,21.84033,20.880613
20260626_180449,2026-06-26T09:04:51.557694Z,skeleton,RX3,27.202941,27.018512,24.839485,20.615528,16.401219,13.038405,11.18034,8.246211,8.0,9.486833,9.848858,11.18034,12.529964,13.416408,14.317821,14.317821,14.317821,14.317821,13.416408,11.661904,11.401754,11.313708,10.630146,10.29563,10.29563,8.944272,11.401754,7.615773,4.242641,5.09902,7.81025,12.727922,15.556349,18.439089,20.0,21.095023,20.124612,19.313208,17.720045,16.124515,14.035669,13.0,10.0,9.055385,7.28011,7.81025,10.630146,13.892444,17.0,21.470911,25.059928,26.925824
20260626_180449,2026-06-26T09:04:51.587018Z,skeleton,RX1,19.026298,16.03122,13.152946,9.848858,8.485281,8.062258,8.246211,9.055385,9.0,9.055385,8.246211,8.544004,7.615773,6.403124,6.403124,6.324555,7.071068,8.0,9.055385,10.049876,9.055385,8.062258,7.071068,6.324555,3.605551,2.236068,3.605551,2.236068,6.324555,10.440307,15.524175,19.924859,23.769729,25.942244,26.925824,25.806976,24.083189,21.213203,17.029386,13.453624,9.219544,5.0,2.0,4.123106,8.062258,13.0,16.0,20.0,22.022716,24.020824,25.079872,24.083189
20260626_180449,2026-06-26T09:04:51.615400Z,skeleton,RX2,15.132746,13.038405,10.0,8.062258,6.708204,6.403124,6.708204,7.28011,8.062258,10.049876,11.045361,11.045361,12.041595,13.152946,13.341664,12.649111,11.18034,9.433981,7.211103,3.605551,1.0,3.0,6.082763,8.0,10.049876,11.18034,10.049876,10.198039,13.0,14.764823,18.35756,20.59126,22.36068,23.769729,23.086793,21.587033,19.235384,17.117243,14.142136,12.165525,9.486833,8.062258,7.81025,8.544004,10.440307,13.152946,15.132746,17.029386,18.11077,19.104973,19.235384,18.248288
20260626_180449,2026-06-26T09:04:51.645143Z,skeleton,RX3,9.219544,10.77033,13.038405,14.21267,15.620499,16.401219,16.401219,15.0,13.601471,12.206556,10.816654,9.433981,9.219544,7.071068,7.211103,6.708204,7.071068,8.0,8.062258,8.062258,8.246211,8.544004,7.615773,7.615773,6.403124,5.656854,17.720045,21.18962,21.540659,24.166092,22.36068,20.59126,17.492856,14.422205,10.0,7.211103,4.472136,3.162278,3.605551,5.385165,6.708204,8.944272,10.816654,11.401754,13.453624,14.866069,15.620499,15.811388,14.422205,13.601471,11.401754,10.0
20260626_180449,2026-06-26T09:04:51.677129Z,skeleton,RX1,15.620499,17.691806,19.104973,19.104973,17.691806,15.556349,13.453624,11.401754,10.29563,8.544004,8.062258,7.071068,7.615773,8.062258,8.602325,7.81025,7.81025,7.211103,6.708204,6.0,6.324555,7.211103,8.485281,9.899495,9.899495,10.630146,25.70992,27.294688,28.071338,28.0,26.07681,22.36068,17.464249,12.369317,6.082763,2.236068,6.708204,11.18034,14.764823,17.0,19.697716,21.18962,21.84033,21.84033,20.615528,19.416488,17.464249,13.601471,10.77033,7.071068,7.071068,9.848858
20260626_180449,2026-06-26T09:04:51.705197Z,skeleton,RX2,12.165525,14.035669,14.035669,15.033296,14.035669,13.0,12.0,11.0,10.0,8.0,7.071068,5.09902,3.605551,3.162278,5.0,7.071068,9.219544,12.165525,14.035669,15.0,16.124515,15.297059,14.56022,13.416408,10.816654,8.485281,17.888544,19.313208,19.924859,19.416488,18.248288,15.297059,12.369317,9.848858,7.81025,8.602325,9.486833,10.440307,12.165525,13.152946,13.341664,14.317821,13.341664,13.341664,12.369317,11.18034,10.049876,9.0,7.28011,7.211103,7.81025,9.486833
20260626_180449,2026-06-26T09:04:51.737126Z,skeleton,RX3,28.79236,26.925824,23.769729,20.615528,17.088007,12.369317,10.049876,9.219544,8.062258,9.219544,10.630146,11.401754,12.806248,13.601471,14.21267,15.620499,14.21267,14.21267,13.601471,13.038405,12.083046,11.7047,11.401754,10.198039,10.049876,9.055385,13.341664,8.544004,4.242641,4.472136,8.602325,13.601471,17.204651,19.849433,21.213203,22.022716,20.808652,19.723083,18.384776,16.763055,14.317821,12.165525,10.198039,8.246211,6.708204,7.81025,9.486833,13.341664,17.464249,21.377558,25.70992,28.160256
20260626_180449,2026-06-26T09:04:51.765648Z,skeleton,RX1,18.027756,15.033296,12.165525,8.944272,7.071068,7.28011,7.0,8.062258,8.246211,8.544004,8.062258,8.062258,7.071068,6.403124,6.324555,7.071068,8.0,9.219544,10.440307,10.440307,10.77033,9.486833,8.544004,6.708204,5.0,3.605551,4.472136,2.828427,7.28011,12.165525,17.262677,21.587033,25.0,26.925824,27.730849,27.784888,25.238859,22.803509,18.439089,14.866069,10.630146,7.211103,3.0,4.472136,7.071068,11.0,16.03122,19.026298,22.022716,23.021729,24.0,23.0
20260626_180449,2026-06-26T09:04:51.797136Z,skeleton,RX2,13.038405,15.132746,16.124515,15.297059,15.297059,14.142136,13.341664,12.165525,10.198039,8.246211,6.324555,4.472136,2.828427,3.0,4.472136,7.81025,10.630146,13.601471,15.652476,17.088007,17.720045,17.262677,16.0,14.142136,11.401754,8.062258,21.931712,24.207437,24.413111,24.186773,21.954498,19.235384,15.811388,13.453624,11.661904,11.7047,12.165525,14.0,15.0,16.03122,17.029386,17.0,17.0,17.0,16.0,15.0,13.038405,11.18034,9.848858,9.219544,8.944272,10.198039
20260626_180449,2026-06-26T09:04:51.825064Z,skeleton,RX3,28.79236,28.231188,24.166092,20.615528,16.155494,13.601471,10.049876,8.062258,7.615773,8.485281,9.899495,10.630146,12.041595,12.806248,14.21267,14.21267,14.21267,12.806248,12.206556,11.661904,11.18034,10.77033,10.198039,9.055385,9.055385,8.0,13.341664,8.544004,5.0,4.472136,9.219544,13.601471,17.029386,19.849433,21.931712,22.022716,21.633308,20.59126,19.313208,17.720045,15.297059,13.152946,11.18034,9.219544,7.615773,8.485281,10.29563,13.601471,17.464249,21.587033,25.0,27.892651
20260626_180449,2026-06-26T09:04:51.855148Z,skeleton,RX1,18.11077,15.132746,12.369317,8.602325,7.81025,7.28011,8.0,8.062258,8.246211,8.544004,8.062258,8.062258,7.81025,6.403124,6.708204,7.071068,8.0,9.055385,10.198039,10.198039,10.198039,9.219544,8.246211,6.708204,5.830952,4.242641,5.09902,3.605551,8.062258,13.0,18.027756,22.0,26.07681,27.294688,27.892651,27.202941,26.0,21.931712,18.35756,15.264338,10.29563,6.708204,4.123106,4.123106,8.0,12.041595,16.124515,19.235384,22.203603,24.186773,25.079872,23.194827
20260626_180449,2026-06-26T09:04:51.885233Z,skeleton,RX2,15.033296,17.029386,17.0,17.0,17.0,16.0,15.033296,13.038405,11.045361,10.049876,8.062258,6.324555,3.605551,4.123106,6.082763,8.544004,11.7047,13.601471,16.492423,18.248288,19.026298,19.026298,18.248288,15.811388,12.529964,9.219544,21.023796,22.472205,24.041631,22.561028,21.213203,17.262677,14.56022,12.083046,10.630146,10.816654,11.7047,13.341664,14.317821,15.297059,16.278821,16.278821,15.297059,16.278821,15.297059,14.142136,12.041595,11.0,9.486833,8.602325,9.433981,11.7047
20260626_180449,2026-06-26T09:04:51.915206Z,skeleton,RX3,26.400758,27.018512,23.430749,20.615528,16.401219,13.038405,10.77033,9.055385,8.062258,8.544004,10.29563,10.816654,12.206556,13.038405,13.038405,13.892444,13.892444,13.038405,12.206556,11.401754,11.313708,10.630146,9.433981,8.944272,8.944272,7.615773,12.041595,8.062258,5.0,4.123106,9.433981,12.806248,16.401219,20.0,20.59126,21.023796,20.248457,19.646883,18.248288,16.03122,14.035669,13.038405,11.045361,9.0,7.28011,8.062258,10.0,13.038405,17.492856,21.954498,24.698178,26.925824
20260626_180449,2026-06-26T09:04:51.945052Z,skeleton,RX1,19.209373,15.556349,12.041595,9.433981,8.062258,8.062258,7.615773,7.81025,8.485281,7.81025,7.81025,7.211103,6.324555,6.082763,6.0,6.324555,8.062258,7.81025,9.219544,9.899495,9.899495,8.485281,7.81025,5.830952,5.385165,4.0,3.605551,4.123106,8.602325,12.806248,18.439089,21.400935,25.238859,26.41969,27.730849,26.570661,24.738634,21.587033,18.248288,14.142136,10.198039,6.708204,3.605551,5.09902,8.602325,12.806248,16.278821,19.849433,22.671568,24.207437,24.839485,22.803509
20260626_180449,2026-06-26T09:04:51.976041Z,skeleton,RX2,14.422205,16.401219,16.278821,17.029386,16.278821,15.556349,14.142136,12.727922,11.313708,9.899495,7.071068,5.0,3.162278,2.236068,4.472136,7.28011,10.77033,13.0,15.264338,17.204651,17.691806,17.029386,16.643317,14.317821,11.401754,8.0,22.561028,24.041631,24.698178,22.847319,22.36068,17.888544,15.231546,13.341664,11.0,11.7047,12.529964,14.422205,15.620499,16.401219,16.401219,17.804494,17.204651,17.204651,15.811388,15.0,13.453624,12.041595,10.29563,9.219544,10.049876,10.77033
20260626_180449,2026-06-26T09:04:52.005058Z,skeleton,RX3,27.802878,25.238859,23.323808,19.416488,16.643317,12.206556,9.899495,8.062258,7.071068,8.062258,9.219544,10.198039,11.401754,12.369317,12.369317,13.341664,13.341664,13.341664,12.369317,11.7047,9.848858,10.0,9.219544,9.219544,9.219544,7.81025,12.041595,9.0,5.385165,4.123106,8.246211,12.083046,15.231546,18.027756,19.924859,19.416488,19.104973,19.0,17.117243,15.524175,13.601471,12.083046,10.77033,8.544004,7.071068,7.28011,9.433981,12.041595,15.556349,19.79899,24.083189,26.248809
20260626_180449,2026-06-26T09:04:52.035092Z,skeleton,RX1,18.384776,15.811388,12.165525,9.055385,7.615773,7.071068,8.062258,7.28011,8.062258,8.062258,8.0,7.071068,7.28011,6.708204,6.403124,6.403124,8.062258,8.544004,10.198039,10.198039,10.049876,9.055385,8.0,7.0,5.09902,3.605551,3.605551,3.605551,8.062258,12.083046,17.464249,21.470911,25.553865,27.202941,27.658633,26.870058,24.839485,21.400935,18.027756,14.422205,10.0,7.071068,3.162278,4.242641,8.062258,11.7047,15.811388,18.973666,22.135944,23.4094,24.698178,22.472205
20260626_180449,2026-06-26T09:04:52.065493Z,skeleton,RX2,16.155494,13.416408,10.816654,9.219544,7.211103,7.071068,7.071068,8.544004,10.29563,11.661904,13.038405,13.892444,14.764823,15.231546,15.811388,14.317821,14.142136,11.0,8.062258,4.0,2.236068,4.472136,7.211103,10.29563,13.0,14.56022,11.7047,11.401754,14.21267,17.492856,21.954498,24.186773,26.627054,27.018512,26.907248,24.758837,22.803509,20.0,15.811388,13.601471,9.899495,8.602325,8.246211,10.049876,11.401754,13.928388,16.155494,18.788294,20.615528,20.615528,21.540659,20.615528
20260626_180449,2026-06-26T09:04:52.095087Z,skeleton,RX3,26.400758,25.612497,22.671568,19.104973,15.620499,11.661904,8.544004,7.071068,7.28011,8.062258,9.219544,10.630146,11.401754,12.806248,12.806248,12.806248,13.601471,12.806248,12.041595,12.041595,10.630146,10.816654,10.29563,9.848858,9.486833,8.246211,13.038405,9.0,5.385165,4.123106,8.062258,11.401754,15.811388,18.027756,19.235384,20.248457,19.646883,18.248288,17.029386,16.03122,13.152946,12.369317,9.219544,8.062258,7.0,5.830952,8.602325,12.206556,16.124515,19.723083,23.853721,25.238859
20260626_180449,2026-06-26T09:04:52.126468Z,skeleton,RX1,17.088007,19.313208,20.248457,18.973666,18.027756,16.763055,14.56022,12.165525,10.0,9.055385,7.615773,6.708204,6.403124,7.81025,7.211103,7.615773,6.708204,6.082763,5.0,4.472136,5.0,6.708204,7.615773,8.544004,10.198039,9.219544,24.413111,27.018512,26.870058,26.907248,24.413111,21.095023,16.124515,10.29563,4.242641,3.605551,7.615773,11.7047,15.231546,18.788294,20.59126,21.095023,22.203603,22.203603,22.022716,19.849433,17.804494,15.264338,11.7047,9.055385,8.944272,11.401754
20260626_180449,2026-06-26T09:04:52.155848Z,skeleton,RX2,17.088007,15.231546,11.661904,10.0,8.602325,8.246211,8.0,9.219544,10.77033,12.083046,13.416408,14.317821,15.231546,15.811388,16.492423,15.132746,15.033296,12.041595,9.055385,6.082763,2.0,2.236068,6.403124,9.433981,12.083046,13.601471,10.440307,10.816654,13.453624,17.204651,22.203603,24.207437,26.248809,26.870058,26.907248,25.0,22.472205,18.867962,15.264338,13.038405,9.899495,9.433981,8.246211,10.049876,12.369317,14.866069,17.088007,19.313208,21.540659,22.135944,23.4094,21.18962
20260626_180449,2026-06-26T09:04:52.185803Z,skeleton,RX3,27.294688,26.172505,23.086793,20.099751,16.124515,12.165525,9.486833,7.81025,7.211103,8.544004,9.219544,10.198039,12.165525,12.165525,13.341664,13.341664,13.341664,13.341664,12.165525,12.041595,11.0,10.049876,10.198039,9.486833,9.848858,8.944272,13.038405,8.944272,5.09902,4.242641,7.071068,11.0,15.0,17.029386,19.235384,19.646883,19.313208,17.888544,16.643317,15.620499,13.453624,12.041595,10.0,8.485281,7.211103,6.324555,9.055385,12.369317,15.811388,20.248457,24.041631,26.683328
20260626_180449,2026-06-26T09:04:52.216954Z,skeleton,RX1,16.552945,19.235384,20.59126,20.124612,19.235384,17.0,15.264338,12.206556,9.899495,8.602325,7.615773,8.246211,8.062258,8.062258,8.246211,8.246211,7.615773,6.708204,5.0,5.830952,6.0,7.071068,8.246211,9.486833,9.848858,9.848858,25.079872,26.248809,27.658633,27.294688,25.019992,21.0,17.029386,11.045361,5.09902,3.0,8.062258,11.661904,15.264338,17.888544,19.697716,21.540659,21.18962,21.84033,21.587033,20.396078,17.464249,14.866069,11.18034,9.219544,9.219544,11.18034
20260626_180449,2026-06-26T09:04:52.245615Z,skeleton,RX2,13.0,15.033296,16.124515,16.124515,15.132746,14.142136,13.152946,12.165525,10.198039,8.246211,7.28011,4.472136,3.605551,3.0,5.385165,8.062258,11.661904,14.764823,16.155494,17.720045,18.248288,18.027756,17.029386,15.297059,12.649111,8.944272,21.633308,22.825424,24.166092,22.472205,21.18962,17.720045,14.866069,12.529964,10.630146,10.29563,11.401754,13.152946,14.035669,15.033296,16.03122,16.124515,15.132746,16.124515,15.132746,13.038405,12.0,10.049876,8.544004,7.81025,8.062258,10.198039
20260626_180449,2026-06-26T09:04:52.275176Z,skeleton,RX3,9.899495,11.18034,13.601471,15.524175,16.492423,17.464249,16.492423,15.524175,15.524175,13.601471,12.649111,11.401754,9.219544,9.055385,8.0,8.246211,8.544004,8.944272,9.219544,9.219544,9.899495,9.219544,8.602325,8.062258,6.708204,5.385165,16.643317,18.867962,20.59126,21.023796,20.615528,18.973666,16.763055,13.341664,10.198039,7.28011,3.605551,3.162278,4.123106,5.385165,7.615773,9.486833,11.401754,12.165525,14.035669,15.033296,15.132746,15.297059,15.297059,14.142136,12.041595,10.049876
20260626_180449,2026-06-26T09:04:52.305590Z,skeleton,RX1,19.646883,16.763055,13.0,10.630146,8.602325,8.544004,8.0,9.055385,9.219544,8.544004,8.544004,8.062258,7.211103,7.071068,5.830952,6.082763,7.0,8.062258,8.246211,9.219544,8.544004,7.615773,6.708204,5.830952,4.242641,3.162278,3.605551,2.236068,6.0,11.18034,16.124515,21.095023,24.0,26.07681,26.305893,25.70992,24.041631,20.248457,16.552945,13.416408,8.944272,5.09902,2.828427,5.0,9.219544,12.649111,16.763055,19.646883,22.803509,24.738634,25.495098,24.515301
20260626_180449,2026-06-26T09:04:52.335398Z,skeleton,RX2,12.041595,13.038405,14.035669,14.0,13.0,12.0,11.0,10.0,9.0,7.0,6.0,4.123106,2.236068,2.0,3.605551,6.403124,9.433981,11.661904,13.928388,14.56022,15.297059,15.033296,14.035669,12.165525,9.486833,7.211103,18.788294,20.615528,20.880613,20.615528,18.439089,16.492423,13.601471,11.18034,9.219544,9.433981,10.77033,12.369317,13.341664,14.317821,15.297059,15.297059,14.56022,14.317821,14.317821,13.341664,11.18034,10.0,8.246211,7.211103,7.81025,8.544004
20260626_180449,2026-06-26T09:04:52.365764Z,skeleton,RX3,27.45906,26.305893,24.186773,20.099751,17.117243,13.341664,10.440307,8.602325,7.81025,8.062258,9.486833,11.401754,11.401754,12.369317,13.601471,13.601471,13.601471,13.601471,12.369317,12.165525,11.045361,10.0,10.049876,9.219544,9.486833,8.544004,12.083046,8.544004,5.0,5.0,8.062258,13.0,16.0,18.027756,20.099751,20.396078,19.646883,19.313208,17.0,15.811388,14.21267,12.727922,11.313708,9.219544,8.062258,8.246211,10.049876,13.341664,16.763055,21.18962,24.041631,26.925824
20260626_180449,2026-06-26T09:04:52.400530Z,skeleton,RX1,11.401754,12.649111,13.601471,12.649111,12.649111,11.7047,9.848858,8.062258,5.830952,5.0,4.472136,4.123106,5.0,5.09902,5.09902,5.385165,4.472136,5.0,3.605551,4.123106,5.0,6.082763,7.28011,7.28011,7.615773,7.615773,19.416488,21.095023,21.0,21.023796,19.235384,16.278821,12.369317,9.219544,5.0,3.605551,6.082763,9.219544,11.401754,14.317821,15.297059,16.124515,17.029386,17.0,17.0,15.0,14.0,11.0,8.246211,6.708204,5.830952,7.0
20260626_180449,2026-06-26T09:04:52.425452Z,skeleton,RX2,15.033296,13.038405,10.198039,8.544004,6.403124,5.830952,6.082763,7.0,8.062258,9.219544,10.440307,11.401754,12.165525,13.152946,13.038405,13.0,12.165525,10.440307,7.615773,4.472136,1.0,2.828427,5.830952,8.062258,10.440307,11.18034,9.055385,10.198039,12.529964,15.811388,18.601075,21.633308,23.323808,23.259407,22.847319,22.135944,19.646883,17.464249,14.317821,11.401754,9.848858,7.81025,7.211103,8.246211,10.049876,13.0,15.033296,17.029386,18.027756,19.026298,19.026298,18.0
20260626_180449,2026-06-26T09:04:52.455132Z,skeleton,RX3,26.683328,24.515301,22.36068,19.416488,15.297059,11.7047,8.062258,7.81025,7.615773,8.062258,10.0,11.0,12.0,13.0,13.0,14.0,14.0,14.0,13.038405,12.165525,11.401754,10.77033,9.848858,10.29563,9.433981,8.602325,12.806248,9.219544,4.242641,2.828427,7.071068,12.041595,15.132746,18.248288,19.924859,19.313208,19.697716,18.867962,16.401219,14.866069,13.453624,11.401754,9.433981,7.81025,6.403124,6.082763,8.062258,11.7047,16.155494,19.313208,24.041631,25.0
20260626_180449,2026-06-26T09:04:52.485029Z,skeleton,RX1,15.811388,18.601075,20.0,18.601075,18.601075,16.401219,14.866069,12.727922,10.0,8.944272,7.28011,7.071068,7.0,7.071068,7.615773,6.708204,7.211103,6.403124,5.0,5.09902,5.0,6.324555,7.615773,8.062258,8.602325,8.602325,24.596748,26.0,26.925824,26.476405,24.186773,20.024984,16.0,11.0,5.09902,3.0,6.403124,11.401754,15.0,17.492856,19.723083,21.023796,21.023796,21.540659,20.248457,18.973666,17.088007,14.317821,10.816654,8.602325,8.062258,10.440307
20260626_180449,2026-06-26T09:04:52.515099Z,skeleton,RX2,17.0,15.033296,11.18034,9.486833,7.81025,7.211103,7.28011,8.062258,10.0,11.045361,12.165525,13.038405,14.035669,15.0,15.033296,14.317821,13.601471,10.77033,8.062258,5.0,1.0,3.162278,7.28011,9.219544,12.165525,14.0,11.0,11.401754,14.764823,18.027756,22.203603,25.238859,26.925824,26.832816,26.925824,25.298221,22.803509,19.416488,16.492423,13.601471,9.848858,9.219544,8.602325,10.440307,12.165525,15.033296,17.0,19.0,21.023796,22.0,22.0,21.023796
20260626_180449,2026-06-26T09:04:52.545264Z,skeleton,RX3,8.062258,10.440307,12.529964,13.892444,15.0,15.811388,15.811388,14.422205,13.038405,11.661904,10.816654,9.433981,8.602325,7.81025,6.403124,6.708204,6.324555,7.071068,8.062258,8.062258,8.246211,8.246211,7.28011,6.708204,6.403124,5.0,17.888544,20.124612,21.954498,22.472205,22.203603,20.615528,17.691806,14.142136,11.313708,7.071068,4.472136,3.0,2.828427,5.0,7.211103,8.602325,10.630146,12.041595,13.453624,14.422205,15.264338,14.764823,14.764823,13.416408,11.661904,9.899495
20260626_180449,2026-06-26T09:04:52.578687Z,skeleton,RX1,11.661904,13.892444,13.892444,13.416408,12.529964,12.083046,9.848858,8.544004,7.28011,6.082763,5.0,4.472136,5.0,4.242641,5.0,4.472136,4.472136,4.123106,4.0,3.605551,4.242641,5.830952,6.708204,7.615773,7.615773,7.28011,19.209373,20.518285,20.518285,20.615528,19.416488,16.124515,12.529964,8.062258,4.242641,3.162278,5.830952,9.433981,11.661904,14.422205,15.811388,17.029386,17.029386,16.970563,16.970563,15.556349,14.142136,12.041595,9.433981,7.28011,6.082763,7.211103
20260626_180449,2026-06-26T09:04:52.605585Z,skeleton,RX2,14.0,15.0,16.03122,16.124515,15.033296,14.142136,13.152946,12.165525,10.049876,8.062258,7.071068,4.123106,2.828427,2.0,4.242641,7.071068,11.313708,12.806248,15.264338,17.888544,18.027756,17.464249,17.117243,14.0,12.165525,8.544004,21.540659,23.086793,24.738634,23.345235,21.213203,18.248288,15.297059,13.0,11.401754,10.816654,11.7047,13.341664,15.297059,16.278821,16.278821,17.464249,16.492423,16.492423,15.524175,14.317821,13.152946,11.0,9.219544,8.062258,8.602325,9.486833
20260626_180449,2026-06-26T09:04:52.635131Z,skeleton,RX3,29.12044,27.892651,25.70992,21.587033,17.720045,13.928388,10.29563,8.485281,8.062258,9.219544,10.049876,12.041595,13.0,14.035669,14.035669,14.035669,14.035669,14.035669,14.0,12.041595,12.165525,11.401754,10.77033,9.848858,8.944272,8.944272,12.727922,8.602325,4.123106,4.472136,9.0,13.0,18.0,20.099751,21.213203,21.587033,21.18962,20.124612,18.867962,16.401219,14.866069,12.727922,11.313708,9.219544,7.615773,7.0,10.198039,13.0,17.464249,21.931712,26.0,27.513633
20260626_180449,2026-06-26T09:04:52.667933Z,skeleton,RX1,19.849433,16.401219,13.038405,10.440307,8.0,7.28011,8.062258,8.485281,8.602325,8.602325,8.062258,7.615773,6.324555,6.082763,6.082763,5.830952,6.403124,7.81025,8.602325,8.602325,8.062258,7.615773,6.708204,5.09902,4.0,3.162278,4.123106,3.0,6.403124,11.313708,16.970563,20.615528,24.413111,26.925824,27.294688,26.925824,24.351591,21.587033,17.262677,13.152946,9.219544,5.830952,3.162278,5.830952,8.485281,12.806248,16.401219,20.615528,23.430749,24.839485,25.495098,24.758837
20260626_180449,2026-06-26T09:04:52.695245Z,skeleton,RX2,13.453624,14.866069,15.620499,15.811388,15.811388,14.422205,13.038405,11.661904,10.29563,8.944272,6.708204,5.09902,4.0,3.605551,5.385165,8.062258,11.18034,13.341664,15.811388,17.464249,18.35756,18.027756,17.029386,14.866069,13.038405,9.848858,19.697716,21.470911,22.472205,21.400935,19.209373,17.029386,13.601471,11.18034,9.055385,9.219544,9.848858,12.206556,12.806248,13.601471,15.0,15.0,15.0,14.422205,13.601471,12.206556,10.630146,9.219544,7.615773,7.0,7.615773,10.0
20260626_180449,2026-06-26T09:04:52.727399Z,skeleton,RX3,8.944272,10.049876,12.0,14.142136,15.132746,15.132746,15.132746,14.035669,13.038405,12.041595,11.045361,9.055385,8.062258,7.28011,6.708204,5.830952,5.0,6.708204,6.324555,7.071068,7.071068,7.0,6.082763,5.09902,5.385165,5.0,19.209373,22.203603,23.853721,24.186773,22.825424,21.023796,18.384776,15.231546,10.77033,7.615773,5.0,3.605551,4.123106,5.830952,8.062258,9.848858,11.7047,12.649111,14.317821,15.297059,16.03122,16.03122,15.033296,14.035669,12.165525,10.77033
20260626_180449,2026-06-26T09:04:52.755650Z,skeleton,RX1,18.788294,15.652476,11.661904,9.219544,7.615773,7.0,7.28011,8.062258,8.602325,8.485281,8.485281,7.81025,8.062258,6.324555,7.071068,7.071068,7.28011,8.944272,10.29563,10.816654,10.0,8.602325,7.81025,7.071068,5.0,4.123106,5.0,3.605551,7.071068,12.369317,17.464249,21.377558,25.317978,27.073973,28.017851,27.073973,25.317978,22.561028,18.681542,14.866069,10.440307,7.071068,4.123106,4.0,7.28011,12.083046,15.652476,19.235384,22.36068,23.769729,24.698178,23.769729
20260626_180449,2026-06-26T09:04:52.785719Z,skeleton,RX2,16.155494,13.416408,10.816654,8.485281,7.615773,7.071068,8.246211,8.544004,9.848858,11.661904,12.529964,13.892444,14.317821,15.231546,14.56022,14.317821,13.038405,11.0,8.0,4.0,2.236068,4.123106,8.062258,10.77033,12.649111,14.317821,10.77033,11.401754,13.601471,17.492856,20.59126,23.323808,25.806976,26.248809,25.455844,24.083189,22.203603,18.601075,15.811388,12.206556,9.899495,8.062258,8.062258,9.055385,11.401754,13.928388,16.155494,18.384776,20.615528,21.540659,20.615528,20.248457
20260626_180449,2026-06-26T09:04:52.815283Z,skeleton,RX3,27.294688,26.41969,23.323808,19.723083,16.124515,13.0,10.198039,9.0,8.544004,9.433981,10.630146,11.313708,12.041595,13.453624,14.21267,14.21267,14.21267,14.21267,13.453624,13.453624,12.206556,11.661904,11.18034,10.440307,10.440307,9.486833,11.045361,8.062258,3.605551,3.162278,7.81025,11.401754,14.866069,17.691806,19.209373,19.416488,19.235384,18.384776,15.811388,14.317821,13.038405,11.0,9.0,8.062258,6.324555,7.071068,9.433981,12.083046,17.088007,20.248457,23.769729,26.400758
20260626_180449,2026-06-26T09:04:52.845497Z,skeleton,RX1,19.104973,16.03122,12.041595,9.486833,7.211103,7.211103,7.071068,8.0,8.062258,8.246211,8.246211,7.615773,6.708204,6.403124,7.211103,6.324555,8.246211,9.0,10.0,10.049876,10.049876,9.055385,8.246211,6.324555,5.830952,4.242641,4.472136,4.242641,7.615773,12.369317,18.439089,21.84033,26.248809,27.313001,28.178006,28.301943,25.806976,22.022716,18.439089,15.556349,10.630146,7.211103,4.0,4.472136,8.246211,12.041595,16.03122,19.026298,23.021729,24.186773,25.179357,23.194827
20260626_180449,2026-06-26T09:04:52.875328Z,skeleton,RX2,14.866069,16.552945,16.552945,16.552945,15.652476,14.764823,13.416408,12.529964,10.29563,9.433981,7.211103,5.656854,4.472136,4.123106,5.830952,8.485281,11.313708,14.142136,16.401219,18.867962,19.235384,18.384776,17.464249,15.132746,13.0,10.198039,21.400935,23.345235,23.345235,22.671568,20.615528,17.204651,14.21267,12.041595,9.848858,10.049876,11.045361,12.369317,14.56022,14.56022,15.524175,16.492423,16.278821,15.297059,14.317821,13.341664,11.7047,9.848858,7.81025,7.615773,9.055385,10.198039
20260626_180449,2026-06-26T09:04:52.905804Z,skeleton,RX3,27.313001,26.832816,23.706539,19.723083,15.652476,13.0,9.219544,8.062258,6.708204,7.81025,10.0,11.401754,11.401754,12.806248,13.453624,13.453624,14.21267,14.21267,12.806248,12.206556,12.083046,10.77033,10.440307,10.049876,9.055385,9.055385,14.142136,9.219544,5.385165,3.0,7.81025,12.041595,16.278821,19.79899,20.615528,20.808652,20.59126,19.697716,17.720045,16.278821,14.035669,12.0,10.0,8.0,6.324555,6.403124,8.944272,11.7047,16.763055,20.880613,24.351591,26.570661
20260626_180449,2026-06-26T09:04:52.936753Z,skeleton,RX1,15.620499,17.029386,19.209373,17.204651,17.204651,15.0,13.038405,11.18034,9.486833,7.071068,7.071068,6.324555,7.211103,7.81025,7.81025,7.211103,7.211103,6.324555,6.0,6.324555,6.403124,7.81025,9.219544,10.0,10.816654,10.29563,25.806976,27.784888,28.635642,28.79236,26.248809,22.561028,17.262677,12.165525,6.708204,4.0,7.81025,12.041595,14.866069,18.439089,20.615528,20.808652,22.472205,21.954498,21.470911,20.124612,18.35756,15.264338,11.401754,8.602325,8.0,9.433981
20260626_180449,2026-06-26T09:04:52.966424Z,skeleton,RX2,17.0,14.035669,11.18034,8.544004,8.602325,7.211103,8.544004,9.055385,10.0,11.045361,12.041595,13.038405,14.0,15.0,15.033296,14.317821,13.601471,11.7047,8.944272,4.472136,1.0,3.162278,6.324555,9.219544,12.041595,13.038405,11.045361,11.401754,14.317821,17.492856,21.095023,24.186773,26.832816,26.925824,26.248809,24.738634,22.36068,19.235384,15.132746,12.369317,9.848858,8.602325,8.602325,10.440307,12.165525,15.033296,17.0,19.0,21.023796,22.022716,22.022716,21.095023
20260626_180449,2026-06-26T09:04:52.995422Z,skeleton,RX3,27.658633,26.683328,23.769729,20.880613,16.492423,13.152946,11.0,8.246211,8.062258,9.219544,10.630146,11.401754,12.206556,13.601471,14.21267,15.0,14.21267,14.21267,13.601471,13.038405,12.529964,11.7047,11.401754,11.18034,10.198039,10.049876,11.661904,7.81025,3.605551,3.605551,7.615773,11.7047,14.866069,17.464249,19.235384,19.416488,19.209373,18.384776,16.401219,15.264338,13.416408,12.083046,9.848858,8.944272,7.071068,7.211103,9.219544,13.038405,17.029386,20.024984,24.083189,26.172505
20260626_180449,2026-06-26T09:04:53.027183Z,skeleton,RX1,19.0,15.132746,12.369317,9.848858,8.485281,8.544004,9.055385,9.0,9.055385,9.219544,9.219544,8.544004,8.062258,7.211103,7.81025,7.211103,8.246211,9.219544,9.055385,10.049876,10.0,9.0,8.0,6.082763,5.09902,3.605551,5.385165,3.605551,7.071068,11.045361,16.03122,21.095023,24.33105,25.70992,26.248809,26.400758,24.186773,21.633308,17.204651,14.21267,9.219544,5.830952,3.0,4.123106,8.0,12.041595,15.132746,19.104973,22.022716,24.0,24.0,24.0
20260626_180449,2026-06-26T09:04:53.055200Z,skeleton,RX2,15.231546,16.155494,16.552945,16.552945,15.652476,14.317821,12.529964,11.661904,10.29563,8.602325,6.403124,4.242641,3.162278,3.162278,5.656854,8.602325,11.401754,14.866069,16.278821,17.204651,18.35756,17.464249,16.763055,14.142136,12.0,8.062258,21.954498,23.021729,24.207437,23.345235,21.213203,18.384776,15.0,12.529964,11.401754,11.0,12.369317,14.866069,14.866069,16.155494,17.088007,17.720045,16.763055,16.492423,15.524175,14.56022,12.083046,10.29563,8.485281,8.544004,9.055385,11.18034
20260626_180449,2026-06-26T09:04:53.091168Z,skeleton,RX3,27.018512,25.612497,24.083189,19.104973,15.620499,12.206556,8.944272,7.071068,7.071068,7.615773,9.433981,10.816654,12.206556,13.038405,13.892444,13.892444,13.892444,13.601471,13.601471,12.041595,11.313708,11.401754,10.816654,10.29563,9.848858,9.848858,12.041595,9.055385,4.123106,3.0,7.211103,10.630146,14.21267,17.204651,18.867962,18.788294,18.384776,17.720045,17.117243,15.0,13.038405,11.18034,9.219544,8.062258,7.0,6.708204,8.485281,12.206556,16.124515,20.59126,23.323808,26.07681
20260626_180449,2026-06-26T09:04:53.116827Z,skeleton,RX1,10.816654,12.529964,13.892444,13.416408,12.529964,11.18034,9.848858,8.544004,7.071068,6.0,5.09902,4.472136,5.0,5.0,5.830952,5.385165,5.385165,5.09902,4.0,4.472136,5.0,6.403124,7.211103,7.211103,7.615773,7.615773,19.849433,20.808652,21.954498,21.470911,19.697716,17.088007,13.601471,9.486833,5.385165,3.162278,5.0,8.485281,10.630146,13.453624,14.866069,16.278821,16.401219,16.401219,15.811388,15.811388,13.601471,11.401754,8.485281,6.708204,5.0,6.403124
20260626_180449,2026-06-26T09:04:53.145248Z,skeleton,RX2,13.601471,15.0,15.0,14.422205,14.422205,13.038405,13.038405,10.816654,10.29563,8.062258,6.708204,5.385165,4.0,3.605551,4.472136,6.324555,9.219544,11.401754,13.601471,15.231546,15.264338,15.0,14.142136,12.806248,10.29563,8.544004,18.027756,19.235384,19.416488,18.681542,16.763055,14.56022,12.369317,9.0,8.544004,8.602325,9.899495,12.041595,12.806248,13.601471,14.21267,14.21267,14.21267,13.453624,12.806248,11.401754,10.816654,8.944272,8.062258,8.062258,8.062258,10.630146
20260626_180449,2026-06-26T09:04:53.175202Z,skeleton,RX3,9.0,10.440307,13.0,13.892444,16.124515,16.643317,16.124515,15.264338,14.317821,13.416408,12.083046,10.29563,8.944272,8.062258,6.403124,6.403124,6.708204,6.082763,7.071068,7.071068,7.071068,7.28011,6.324555,5.385165,5.0,4.242641,19.313208,21.931712,22.36068,23.706539,22.472205,20.808652,17.204651,15.0,10.0,7.211103,5.09902,4.123106,5.0,6.403124,8.602325,10.0,11.401754,13.453624,14.866069,16.401219,16.643317,16.124515,16.124515,15.264338,12.206556,10.630146
20260626_180449,2026-06-26T09:04:53.205482Z,skeleton,RX1,19.723083,16.643317,12.806248,9.219544,8.544004,7.0,7.28011,8.062258,7.81025,7.81025,7.071068,7.211103,6.708204,6.082763,6.0,6.324555,7.615773,8.062258,8.602325,9.219544,9.219544,8.485281,7.81025,5.830952,4.472136,4.0,4.123106,4.0,7.615773,12.529964,17.888544,21.540659,25.298221,26.925824,27.45906,27.166155,25.019992,22.022716,18.027756,15.033296,10.049876,7.071068,4.242641,5.09902,8.544004,12.529964,16.124515,20.248457,22.472205,24.186773,24.698178,23.706539
20260626_180449,2026-06-26T09:04:53.235857Z,skeleton,RX2,16.03122,18.11077,18.11077,18.11077,16.124515,15.132746,14.142136,12.165525,11.18034,9.219544,7.28011,5.385165,4.242641,4.123106,5.09902,7.615773,10.77033,13.928388,15.524175,17.262677,18.027756,17.029386,16.278821,13.928388,12.083046,8.602325,21.633308,22.022716,23.345235,21.931712,19.849433,17.029386,14.142136,11.661904,10.440307,12.0,13.152946,15.297059,16.492423,16.492423,17.262677,18.248288,17.117243,17.117243,15.132746,14.142136,12.369317,10.77033,10.0,9.433981,10.440307,12.041595
20260626_180449,2026-06-26T09:04:53.266093Z,skeleton,RX3,28.071338,26.07681,24.020824,20.024984,17.029386,12.165525,9.486833,7.81025,7.211103,7.615773,9.219544,10.049876,12.041595,13.152946,13.152946,14.142136,13.152946,13.152946,13.038405,12.0,11.045361,10.440307,10.440307,9.848858,8.944272,8.062258,14.21267,9.899495,5.830952,5.0,8.544004,13.341664,16.492423,19.924859,20.615528,21.470911,21.095023,20.615528,18.384776,17.029386,15.811388,12.529964,11.18034,9.433981,7.81025,6.708204,9.0,13.152946,16.278821,21.587033,24.515301,27.294688
20260626_180449,2026-06-26T09:04:53.295345Z,skeleton,RX1,16.643317,19.416488,19.416488,19.416488,18.027756,17.204651,15.0,12.041595,10.0,8.944272,7.28011,7.071068,8.0,8.062258,7.615773,7.615773,7.615773,5.830952,5.0,4.123106,5.0,6.324555,7.615773,8.944272,9.433981,9.433981,25.059928,26.0,28.460499,26.683328,25.317978,21.023796,16.0,11.0,5.09902,3.0,7.81025,11.401754,15.811388,18.027756,19.723083,21.470911,21.023796,21.540659,21.18962,18.973666,17.088007,14.317821,10.816654,8.602325,9.055385,10.440307
20260626_180449,2026-06-26T09:04:53.329869Z,skeleton,RX2,15.652476,17.888544,17.888544,17.464249,16.552945,15.231546,13.928388,11.7047,10.77033,8.246211,7.28011,5.0,4.123106,3.605551,5.09902,8.0,11.0,14.035669,16.278821,17.720045,18.384776,17.492856,16.401219,14.142136,12.206556,8.544004,22.472205,23.769729,24.515301,23.194827,21.095023,18.11077,14.317821,11.7047,11.401754,11.401754,13.416408,15.231546,16.155494,17.088007,17.464249,17.888544,17.0,17.0,16.124515,14.317821,13.0,11.18034,9.055385,9.848858,10.630146,12.206556
20260626_180449,2026-06-26T09:04:53.355201Z,skeleton,RX3,8.246211,10.0,12.165525,13.341664,14.56022,15.524175,14.317821,14.317821,13.152946,11.18034,10.198039,9.219544,8.246211,6.708204,6.708204,6.403124,6.403124,6.708204,7.615773,8.246211,8.246211,8.062258,7.0,7.0,6.082763,4.472136,17.204651,20.0,21.260292,21.931712,21.213203,19.104973,17.029386,13.601471,10.0,7.81025,5.0,3.162278,3.605551,5.0,6.403124,7.81025,10.0,11.661904,13.0,13.928388,14.56022,15.297059,14.317821,13.341664,11.7047,9.433981
20260626_180449,2026-06-26T09:04:53.385460Z,skeleton,RX1,16.401219,17.804494,18.601075,18.601075,17.204651,15.0,13.038405,11.18034,9.486833,8.062258,7.071068,7.28011,6.708204,7.211103,7.81025,7.81025,7.81025,6.708204,6.082763,6.082763,6.708204,8.062258,9.219544,10.630146,11.313708,11.313708,26.07681,28.600699,29.068884,28.284271,25.612497,22.203603,18.027756,11.661904,6.403124,4.123106,7.81025,12.206556,15.811388,17.804494,19.849433,21.260292,22.627417,21.931712,22.022716,20.0,18.439089,14.866069,11.401754,8.544004,8.062258,11.401754
20260626_180449,2026-06-26T09:04:53.416651Z,skeleton,RX2,12.529964,13.416408,13.892444,13.038405,12.529964,11.661904,10.816654,9.433981,8.602325,6.403124,5.656854,3.605551,3.162278,3.162278,4.242641,7.211103,9.219544,12.041595,13.453624,15.0,15.264338,15.231546,13.601471,12.165525,9.055385,7.071068,18.439089,18.973666,19.697716,19.235384,17.492856,14.764823,12.083046,10.440307,9.0,9.486833,10.29563,11.661904,13.038405,13.601471,13.892444,14.764823,13.416408,13.416408,13.0,11.18034,10.29563,7.81025,7.211103,7.071068,8.062258,9.486833
20260626_180449,2026-06-26T09:04:53.445209Z,skeleton,RX3,8.0,10.440307,13.416408,13.892444,15.811388,16.643317,16.124515,15.264338,13.892444,12.529964,11.18034,9.433981,8.602325,7.81025,6.403124,6.708204,6.324555,7.071068,8.0,8.062258,8.246211,8.544004,7.615773,6.708204,6.403124,5.656854,18.601075,22.022716,22.671568,23.345235,21.931712,21.260292,17.804494,13.601471,10.816654,7.211103,4.242641,3.0,3.605551,5.0,7.211103,9.219544,10.630146,11.401754,14.422205,14.764823,15.231546,15.811388,13.928388,13.0,11.18034,9.219544
20260626_180449,2026-06-26T09:04:53.477666Z,skeleton,RX1,18.027756,15.132746,12.649111,10.29563,9.219544,8.544004,9.219544,9.0,9.0,9.055385,9.219544,8.544004,7.615773,7.211103,7.071068,7.211103,8.246211,9.219544,10.198039,10.049876,10.049876,9.055385,8.0,6.0,5.09902,3.162278,5.09902,3.605551,7.071068,12.041595,17.029386,21.023796,24.083189,26.476405,26.925824,25.298221,24.166092,21.470911,16.643317,13.601471,9.433981,5.830952,3.162278,4.123106,9.055385,12.041595,16.124515,19.104973,22.090722,23.021729,23.021729,23.021729
20260626_180449,2026-06-26T09:04:53.505483Z,skeleton,RX2,16.03122,17.029386,18.11077,18.11077,17.117243,16.124515,14.142136,13.152946,11.401754,9.486833,8.246211,6.708204,5.0,4.472136,6.0,8.246211,11.7047,13.601471,16.492423,18.248288,19.026298,19.026298,17.262677,15.811388,13.416408,10.0,19.79899,22.022716,22.203603,21.954498,19.235384,17.0,14.422205,10.630146,9.848858,10.198039,11.0,13.038405,15.033296,15.033296,16.03122,16.03122,16.03122,16.0,15.0,13.038405,11.18034,9.486833,8.602325,8.602325,10.440307,12.041595
20260626_180449,2026-06-26T09:04:53.535089Z,skeleton,RX3,9.848858,11.313708,13.601471,15.811388,16.124515,16.643317,16.643317,16.643317,15.0,13.601471,12.206556,10.816654,9.433981,8.944272,7.615773,7.071068,7.0,7.071068,7.28011,7.615773,8.062258,7.81025,7.071068,7.071068,5.0,4.472136,18.11077,21.023796,23.0,23.021729,22.090722,20.223748,17.262677,14.317821,10.198039,7.071068,5.09902,2.828427,5.09902,6.0,8.0,10.049876,11.18034,13.341664,14.866069,15.652476,17.0,16.124515,16.124515,14.764823,12.529964,10.440307
20260626_180449,2026-06-26T09:04:53.565189Z,skeleton,RX1,15.524175,17.720045,18.681542,18.681542,16.763055,14.866069,13.0,11.18034,10.0,8.485281,8.062258,7.28011,7.071068,8.0,8.0,8.062258,7.071068,7.28011,5.830952,5.0,6.324555,7.071068,9.0,10.049876,11.0,11.0,25.0,27.658633,28.160256,27.018512,25.019992,22.203603,17.262677,11.18034,6.0,3.605551,7.28011,11.7047,14.866069,17.720045,19.416488,21.213203,21.095023,21.023796,20.0,19.0,16.0,14.035669,11.401754,8.062258,7.615773,11.0
20260626_180449,2026-06-26T09:04:53.595545Z,skeleton,RX2,13.038405,14.0,14.0,14.0,13.0,12.0,11.045361,10.049876,8.062258,7.28011,6.324555,4.472136,4.242641,4.123106,6.082763,7.28011,10.440307,12.369317,15.132746,16.03122,16.03122,16.278821,14.56022,13.0,10.29563,7.81025,18.384776,19.209373,19.416488,18.35756,17.0,14.764823,12.206556,10.630146,8.602325,9.219544,10.049876,12.0,12.0,13.0,14.0,14.035669,14.035669,13.038405,12.041595,11.045361,9.0,8.062258,7.211103,7.071068,8.544004,10.198039
20260626_180449,2026-06-26T09:04:53.625322Z,skeleton,RX3,9.219544,10.0,12.529964,14.866069,15.811388,15.811388,15.811388,14.866069,13.928388,12.083046,10.77033,9.848858,8.544004,7.28011,6.082763,6.0,5.385165,5.830952,6.403124,6.403124,7.211103,6.708204,6.708204,5.09902,5.09902,4.0,19.646883,22.561028,23.345235,24.186773,23.086793,21.023796,18.0,15.0,11.0,7.071068,5.385165,4.242641,5.09902,6.0,8.062258,10.0,11.045361,13.152946,15.297059,15.524175,16.155494,16.155494,15.231546,14.866069,12.649111,10.049876
20260626_180449,2026-06-26T09:04:53.656401Z,skeleton,RX1,12.165525,14.142136,14.142136,13.152946,13.152946,11.18034,10.198039,8.544004,6.708204,5.0,5.0,5.385165,5.385165,5.09902,5.0,5.0,5.09902,4.123106,3.605551,3.605551,4.123106,6.0,7.0,8.0,8.062258,8.062258,19.646883,20.223748,22.090722,21.0,19.104973,16.124515,13.152946,9.055385,5.09902,4.472136,6.082763,9.219544,12.165525,14.142136,15.132746,17.029386,17.0,17.029386,16.03122,15.033296,14.035669,12.0,9.055385,6.708204,7.211103,7.071068
20260626_180449,2026-06-26T09:04:53.686147Z,skeleton,RX2,14.21267,15.0,15.0,15.0,14.422205,13.601471,12.206556,10.816654,9.433981,8.062258,6.708204,5.385165,4.123106,4.123106,5.0,6.708204,8.944272,11.661904,13.601471,15.0,15.556349,15.620499,14.764823,13.0,10.440307,8.0,17.720045,18.439089,19.235384,18.027756,16.0,14.0,12.165525,9.486833,8.602325,9.219544,10.816654,12.529964,13.416408,13.416408,13.892444,14.764823,13.892444,13.892444,12.206556,11.661904,9.848858,9.219544,8.0,8.544004,9.433981,12.041595
20260626_180449,2026-06-26T09:04:53.720161Z,skeleton,RX3,9.219544,10.049876,13.601471,13.928388,15.231546,16.552945,15.231546,15.231546,13.928388,12.649111,11.7047,10.440307,9.486833,7.615773,7.211103,5.656854,5.830952,6.324555,7.071068,7.071068,7.0,7.0,6.082763,5.385165,4.472136,3.605551,17.888544,21.470911,22.472205,23.600847,22.022716,19.849433,17.691806,13.453624,10.630146,7.81025,4.472136,3.162278,5.0,6.403124,7.81025,10.630146,11.313708,12.806248,15.0,15.264338,17.0,16.552945,15.231546,14.317821,12.529964,10.630146
20260626_180449,2026-06-26T09:04:53.745781Z,skeleton,RX1,13.038405,15.132746,15.132746,15.132746,13.152946,12.165525,10.198039,9.219544,7.615773,6.708204,5.656854,5.830952,5.830952,5.385165,6.082763,6.082763,5.09902,4.0,3.162278,2.828427,4.123106,5.09902,6.0,7.0,8.0,8.0,19.313208,19.924859,21.377558,20.099751,19.026298,16.03122,12.041595,8.0,4.123106,4.0,6.324555,9.486833,12.649111,14.56022,15.524175,17.262677,17.117243,17.029386,16.03122,15.0,14.035669,11.18034,9.486833,7.81025,7.615773,9.219544
20260626_180449,2026-06-26T09:04:53.775642Z,skeleton,RX2,15.033296,13.0,11.045361,8.944272,8.602325,7.81025,8.944272,8.544004,10.198039,11.045361,12.041595,13.038405,14.142136,14.317821,14.56022,13.928388,13.416408,10.816654,8.602325,4.472136,2.236068,4.472136,7.28011,10.198039,12.649111,14.317821,11.045361,12.083046,14.422205,17.029386,21.260292,23.600847,25.238859,25.942244,25.079872,23.4094,20.880613,17.720045,14.56022,11.401754,8.944272,8.485281,8.062258,10.198039,12.165525,15.033296,17.029386,19.026298,20.024984,21.095023,21.095023,19.104973
20260626_180449,2026-06-26T09:04:53.806008Z,skeleton,RX3,28.301943,27.202941,25.0,20.808652,16.643317,13.038405,9.848858,8.062258,7.28011,8.062258,8.602325,10.630146,12.041595,12.806248,12.806248,13.453624,13.601471,13.453624,12.727922,12.041595,10.630146,10.0,8.944272,8.544004,8.246211,7.28011,12.0,8.062258,3.605551,5.09902,8.602325,13.601471,17.804494,19.416488,21.095023,21.931712,21.540659,19.646883,18.248288,16.03122,14.035669,13.038405,10.049876,9.0,7.28011,7.211103,10.0,13.892444,16.552945,22.36068,25.495098,27.294688
20260626_180449,2026-06-26T09:04:53.837317Z,skeleton,RX1,15.652476,17.0,18.35756,17.492856,16.124515,14.764823,13.038405,10.630146,8.485281,7.211103,7.28011,7.071068,7.0,7.071068,7.28011,7.615773,6.708204,6.403124,5.0,5.385165,6.082763,8.246211,9.486833,10.440307,10.77033,10.77033,24.413111,26.41969,27.313001,27.513633,25.0,21.377558,16.278821,11.18034,5.830952,5.09902,8.062258,12.206556,15.264338,17.492856,19.235384,21.023796,21.540659,21.18962,20.880613,19.646883,17.720045,14.866069,11.18034,9.219544,8.246211,10.198039
20260626_180449,2026-06-26T09:04:53.865550Z,skeleton,RX2,14.866069,15.620499,15.620499,15.620499,14.866069,14.21267,12.806248,11.401754,10.0,8.602325,7.211103,6.324555,4.123106,4.123106,5.0,7.211103,9.433981,11.661904,13.601471,14.866069,16.278821,15.811388,14.764823,13.0,11.18034,8.0,17.464249,19.104973,19.026298,19.0,16.03122,14.035669,12.041595,10.198039,9.433981,9.899495,10.816654,12.206556,13.038405,13.892444,14.422205,14.422205,14.422205,13.601471,13.601471,12.206556,10.29563,9.486833,8.0,8.246211,10.29563,11.401754
20260626_180449,2026-06-26T09:04:53.897194Z,skeleton,RX3,10.0,11.7047,14.317821,16.124515,17.117243,18.11077,18.11077,17.262677,16.278821,14.317821,13.152946,11.18034,10.049876,9.0,8.062258,7.615773,8.062258,7.81025,9.219544,8.602325,9.433981,8.944272,8.544004,7.28011,6.082763,5.0,18.384776,20.248457,21.84033,22.561028,21.377558,20.223748,17.029386,14.035669,10.0,6.0,3.162278,2.236068,3.162278,5.385165,7.615773,9.486833,11.18034,13.038405,14.0,15.132746,16.278821,16.492423,15.524175,14.317821,12.165525,10.049876
20260626_180449,2026-06-26T09:04:53.926796Z,skeleton,RX1,16.401219,19.209373,19.209373,18.439089,17.804494,16.278821,14.142136,12.041595,10.816654,8.944272,8.246211,8.062258,8.0,8.062258,8.544004,7.615773,7.615773,5.830952,5.656854,4.123106,5.09902,6.324555,7.615773,8.944272,9.433981,9.433981,24.041631,25.612497,27.45906,25.942244,24.166092,19.924859,15.524175,10.198039,5.830952,3.0,7.071068,12.041595,14.866069,17.691806,19.209373,20.615528,20.808652,21.095023,20.59126,19.723083,17.0,14.422205,11.313708,8.944272,9.0,10.77033
20260626_180449,2026-06-26T09:04:53.955730Z,skeleton,RX2,14.0,15.033296,15.033296,15.033296,14.035669,13.038405,12.041595,11.045361,10.049876,8.062258,7.071068,5.385165,3.605551,3.605551,4.0,6.082763,9.219544,11.18034,13.152946,15.0,15.033296,15.297059,13.928388,12.529964,10.0,7.81025,17.888544,19.723083,19.416488,18.601075,17.029386,14.21267,12.206556,11.18034,10.198039,10.049876,11.18034,12.369317,13.601471,14.56022,14.56022,15.524175,14.317821,14.317821,13.341664,12.369317,10.77033,10.29563,9.219544,9.433981,10.440307,11.18034
20260626_180449,2026-06-26T09:04:53.991861Z,skeleton,RX3,27.784888,26.925824,23.323808,20.124612,16.124515,12.206556,8.485281,6.708204,7.071068,8.062258,8.544004,9.848858,11.18034,12.083046,13.0,13.928388,13.928388,13.0,13.416408,12.529964,12.206556,10.630146,10.630146,10.0,9.433981,8.062258,13.892444,9.433981,5.09902,4.472136,8.0,12.165525,16.124515,19.026298,20.0,21.095023,20.396078,18.681542,18.384776,16.124515,14.422205,12.041595,10.630146,8.602325,6.708204,6.0,8.544004,12.206556,16.401219,20.615528,25.0,27.202941
20260626_180449,2026-06-26T09:04:54.015781Z,skeleton,RX1,16.124515,17.888544,17.888544,18.788294,16.552945,15.231546,13.928388,11.401754,10.198039,9.0,8.062258,8.544004,8.062258,8.602325,8.485281,8.485281,7.81025,7.211103,5.385165,5.0,6.324555,7.211103,9.219544,9.899495,9.899495,9.899495,24.166092,25.553865,26.627054,26.248809,24.758837,21.260292,16.401219,10.816654,5.656854,3.162278,6.708204,10.77033,13.928388,16.552945,18.35756,19.723083,20.248457,21.400935,19.209373,18.439089,17.029386,13.601471,11.18034,9.055385,8.544004,9.899495
20260626_180449,2026-06-26T09:04:54.045587Z,skeleton,RX2,13.038405,11.7047,9.486833,9.055385,8.062258,7.615773,7.81025,8.485281,9.219544,10.0,10.816654,12.206556,12.806248,13.453624,13.453624,12.806248,12.206556,10.29563,8.062258,5.0,3.162278,4.472136,6.403124,9.219544,10.816654,12.083046,9.486833,9.0,12.165525,14.56022,17.720045,19.646883,21.213203,21.095023,21.0,20.099751,17.262677,15.297059,12.369317,10.198039,8.0,7.28011,7.211103,9.219544,10.816654,12.529964,14.764823,16.124515,17.492856,17.492856,18.027756,16.643317
20260626_180449,2026-06-26T09:04:54.075205Z,skeleton,RX3,30.083218,27.892651,25.0,21.84033,16.492423,13.341664,10.0,8.246211,7.81025,8.602325,9.433981,11.18034,12.083046,13.416408,14.764823,14.764823,14.764823,14.764823,14.317821,13.0,11.7047,11.18034,11.045361,10.0,9.055385,9.055385,13.152946,8.246211,3.605551,4.472136,9.219544,13.038405,17.204651,19.849433,21.213203,21.260292,20.808652,19.723083,17.888544,15.811388,14.56022,12.165525,10.049876,8.246211,6.708204,7.211103,8.544004,13.152946,17.117243,22.090722,25.317978,28.442925
20260626_180449,2026-06-26T09:04:54.105727Z,skeleton,RX1,16.401219,18.027756,19.416488,18.601075,17.204651,15.264338,13.892444,12.083046,10.440307,9.055385,9.0,8.246211,8.544004,8.944272,8.944272,8.602325,7.81025,7.071068,5.830952,6.082763,7.071068,7.615773,8.944272,10.29563,11.18034,10.29563,23.769729,25.942244,26.925824,27.018512,24.083189,21.260292,17.029386,11.401754,5.830952,4.123106,6.708204,11.18034,14.317821,17.0,18.867962,20.0,20.615528,20.518285,20.518285,19.104973,16.278821,14.21267,11.661904,9.055385,9.486833,11.401754
20260626_180449,2026-06-26T09:04:54.136238Z,skeleton,RX2,16.03122,14.142136,12.369317,11.18034,10.0,9.219544,8.944272,10.440307,11.18034,12.041595,13.038405,14.035669,15.132746,15.297059,15.524175,15.811388,14.317821,11.661904,9.433981,5.830952,3.0,3.605551,6.324555,9.486833,11.7047,13.416408,10.77033,11.401754,14.142136,17.804494,20.615528,23.345235,24.758837,25.612497,24.413111,23.323808,20.124612,17.464249,14.317821,11.661904,9.219544,8.062258,9.486833,11.045361,13.0,15.033296,18.11077,20.024984,21.023796,22.022716,22.0,21.0
20260626_180449,2026-06-26T09:04:54.165097Z,skeleton,RX3,29.529646,27.313001,25.079872,21.023796,17.0,13.038405,9.899495,8.062258,7.071068,8.062258,9.486833,11.401754,12.649111,13.601471,14.866069,14.866069,15.524175,14.866069,14.866069,13.0,12.529964,12.206556,11.401754,10.630146,9.219544,9.219544,12.727922,8.485281,4.472136,3.605551,8.0,13.0,17.0,20.024984,20.099751,20.396078,20.880613,19.697716,17.492856,15.811388,14.21267,12.041595,9.899495,7.81025,6.708204,6.0,8.544004,13.038405,16.643317,21.633308,24.698178,28.301943
20260626_180449,2026-06-26T09:04:54.199827Z,skeleton,RX1,16.278821,13.152946,11.0,9.219544,8.062258,7.81025,7.615773,8.544004,8.246211,8.062258,8.062258,7.071068,7.071068,6.324555,6.708204,7.81025,7.81025,8.602325,9.433981,9.433981,10.29563,8.944272,7.615773,6.324555,5.09902,4.0,4.123106,3.605551,6.082763,10.049876,15.033296,18.248288,21.587033,23.086793,23.769729,22.36068,21.095023,18.601075,15.620499,12.041595,8.485281,5.830952,3.0,3.605551,7.071068,11.045361,14.035669,17.117243,19.235384,20.223748,21.377558,20.396078
20260626_180449,2026-06-26T09:04:54.226919Z,skeleton,RX2,14.866069,15.620499,15.620499,15.620499,15.0,14.422205,13.038405,11.661904,10.816654,8.944272,7.615773,6.324555,5.0,4.472136,5.0,7.615773,10.77033,13.416408,16.124515,17.804494,18.384776,18.439089,16.643317,15.231546,12.649111,10.049876,19.235384,20.024984,21.0,20.024984,19.104973,16.124515,13.038405,11.045361,9.848858,10.0,10.630146,12.206556,13.601471,14.422205,15.0,15.620499,14.21267,14.21267,13.453624,12.206556,10.816654,9.486833,9.055385,9.219544,10.29563,11.401754
20260626_180449,2026-06-26T09:04:54.256679Z,skeleton,RX3,27.784888,26.925824,23.853721,20.808652,16.643317,12.529964,8.944272,7.071068,6.324555,7.071068,8.485281,9.219544,10.816654,12.206556,12.806248,12.806248,13.601471,12.806248,12.206556,11.661904,11.18034,9.486833,10.198039,9.055385,8.0,7.071068,14.142136,9.0,5.385165,4.0,8.944272,12.529964,17.492856,19.235384,20.615528,21.18962,20.880613,20.223748,18.027756,17.029386,14.142136,13.341664,10.440307,9.055385,7.0,6.708204,8.602325,12.529964,16.552945,20.615528,24.596748,26.832816
20260626_180449,2026-06-26T09:04:54.285096Z,skeleton,RX1,18.973666,16.492423,13.152946,9.055385,8.544004,7.81025,8.062258,8.544004,8.246211,8.062258,8.0,7.0,7.071068,6.708204,6.403124,7.071068,8.602325,9.848858,9.848858,10.440307,10.440307,9.486833,8.246211,7.071068,6.0,4.123106,4.123106,4.242641,8.544004,12.369317,17.464249,21.84033,25.298221,27.313001,27.294688,26.627054,24.839485,21.931712,17.691806,14.866069,9.899495,7.211103,4.0,5.0,8.062258,12.369317,15.524175,19.416488,21.84033,24.041631,24.351591,23.086793
20260626_180449,2026-06-26T09:04:54.315471Z,skeleton,RX2,16.124515,17.262677,17.262677,17.262677,16.278821,15.297059,14.56022,12.369317,11.401754,10.440307,8.544004,6.324555,5.0,3.605551,5.09902,6.708204,10.29563,13.0,15.811388,17.464249,18.11077,18.0,17.117243,14.56022,12.083046,9.219544,21.540659,22.36068,23.323808,22.203603,20.808652,17.804494,15.264338,13.0,12.165525,12.041595,13.601471,14.866069,16.155494,17.088007,17.088007,17.720045,16.763055,16.763055,15.524175,14.866069,13.416408,12.206556,11.313708,11.18034,12.369317,13.038405
20260626_180449,2026-06-26T09:04:54.345743Z,skeleton,RX3,29.681644,27.45906,25.0,20.808652,16.643317,13.416408,10.440307,7.0,7.615773,8.602325,9.899495,10.630146,12.727922,13.453624,14.866069,15.556349,14.866069,14.866069,14.21267,13.601471,12.529964,12.083046,10.77033,10.440307,9.219544,9.055385,12.649111,8.544004,4.0,4.0,7.615773,12.529964,17.0,18.788294,21.18962,20.615528,21.213203,20.024984,18.0,16.124515,14.317821,11.401754,10.440307,8.062258,7.0,6.708204,8.602325,12.529964,17.0,21.470911,25.059928,28.653098
20260626_180449,2026-06-26T09:04:54.374990Z,skeleton,RX1,12.083046,13.0,14.317821,13.416408,13.0,11.18034,10.29563,8.602325,6.403124,5.830952,5.385165,5.09902,5.09902,6.0,6.082763,5.385165,5.385165,4.472136,4.242641,4.472136,5.0,7.0,8.062258,8.062258,8.246211,8.062258,19.209373,21.095023,21.470911,21.540659,19.924859,16.492423,13.341664,9.219544,4.472136,4.123106,5.385165,9.433981,11.661904,13.892444,15.652476,16.155494,17.088007,16.763055,16.492423,15.524175,14.56022,11.401754,8.944272,7.81025,6.708204,8.062258
20260626_180449,2026-06-26T09:04:54.405221Z,skeleton,RX2,15.524175,16.763055,17.720045,16.763055,15.811388,16.155494,14.317821,13.0,12.083046,9.848858,8.944272,7.211103,5.0,4.123106,5.09902,7.615773,10.29563,13.892444,16.155494,18.027756,18.439089,19.026298,18.027756,15.524175,13.0,9.433981,20.248457,21.931712,22.825424,21.633308,19.416488,16.643317,14.764823,11.7047,11.045361,11.18034,12.649111,14.317821,15.231546,15.652476,16.552945,16.155494,16.155494,15.231546,15.231546,13.416408,11.661904,11.401754,10.0,9.848858,11.18034,13.0
20260626_180449,2026-06-26T09:04:54.435208Z,skeleton,RX3,28.442925,27.166155,24.186773,20.223748,16.278821,12.369317,8.944272,7.071068,6.708204,8.062258,10.0,10.049876,12.041595,13.0,14.0,15.033296,14.0,14.035669,14.035669,13.152946,12.165525,11.7047,10.77033,10.29563,9.433981,8.602325,13.0,8.944272,4.242641,2.828427,7.615773,12.649111,15.811388,18.384776,20.124612,20.248457,20.0,19.104973,17.029386,15.811388,13.892444,11.18034,9.848858,7.211103,5.656854,6.324555,8.0,12.369317,15.811388,20.880613,24.738634,26.683328
20260626_180449,2026-06-26T09:04:54.470695Z,skeleton,RX1,15.556349,17.691806,18.384776,17.691806,16.970563,14.866069,12.806248,10.816654,8.944272,8.246211,7.0,7.071068,7.28011,7.615773,8.062258,7.81025,7.071068,6.403124,5.385165,6.0,7.28011,8.544004,9.848858,10.29563,11.661904,11.661904,25.0,26.172505,28.319605,26.400758,25.238859,21.470911,16.552945,12.083046,6.403124,5.0,7.071068,11.401754,15.620499,17.691806,19.79899,21.260292,21.400935,21.400935,21.095023,19.723083,18.027756,15.0,11.313708,8.944272,8.0,10.29563
20260626_180449,2026-06-26T09:04:54.495282Z,skeleton,RX2,16.763055,14.56022,12.165525,10.0,8.246211,8.062258,7.071068,8.062258,9.486833,10.198039,11.401754,12.369317,13.601471,14.866069,15.231546,15.264338,13.601471,12.041595,9.219544,5.0,1.414214,3.162278,6.082763,9.219544,12.649111,14.317821,11.401754,12.0,14.317821,18.027756,21.18962,24.351591,25.96151,26.476405,26.172505,24.020824,22.0,19.026298,16.03122,13.0,10.049876,8.944272,9.219544,10.0,12.529964,15.231546,17.088007,18.973666,20.248457,21.18962,21.18962,20.248457
20260626_180449,2026-06-26T09:04:54.526320Z,skeleton,RX3,27.658633,27.018512,23.600847,20.808652,15.620499,12.727922,9.433981,7.28011,7.071068,8.544004,9.433981,10.816654,12.206556,12.206556,14.422205,14.422205,14.422205,13.601471,13.601471,12.806248,12.041595,11.401754,10.816654,10.29563,9.848858,8.544004,12.727922,8.485281,4.472136,2.236068,8.062258,12.041595,16.124515,18.027756,20.0,20.099751,20.396078,18.973666,17.088007,14.764823,13.038405,11.401754,9.219544,7.211103,5.385165,5.09902,7.81025,11.313708,15.556349,19.79899,23.345235,26.907248
20260626_180449,2026-06-26T09:04:54.555096Z,skeleton,RX1,13.038405,14.035669,15.033296,15.033296,14.035669,12.041595,11.045361,9.219544,8.544004,6.708204,6.403124,5.656854,5.830952,5.385165,6.324555,6.082763,5.0,4.0,4.123106,4.242641,4.472136,5.09902,6.082763,7.0,8.0,8.062258,18.439089,19.104973,20.024984,20.024984,18.248288,15.297059,11.401754,7.28011,4.0,3.162278,6.082763,9.219544,12.369317,14.317821,15.132746,17.029386,17.029386,17.0,16.03122,15.033296,14.0,12.0,9.219544,7.211103,7.211103,9.219544
20260626_180449,2026-06-26T09:04:54.585474Z,skeleton,RX2,13.341664,14.142136,14.142136,14.142136,14.142136,13.038405,12.041595,11.045361,10.0,9.0,7.0,6.082763,4.123106,4.242641,5.09902,7.0,9.055385,12.0,14.035669,16.278821,16.763055,16.155494,15.264338,13.601471,12.041595,8.062258,17.691806,18.601075,18.867962,18.35756,17.0,14.764823,11.661904,10.630146,9.433981,8.544004,10.198039,11.045361,13.038405,13.038405,14.035669,14.035669,13.152946,13.038405,12.041595,11.045361,10.049876,9.219544,8.944272,8.602325,9.219544,10.77033
20260626_180449,2026-06-26T09:04:54.616091Z,skeleton,RX3,9.848858,12.041595,14.035669,16.278821,17.464249,17.720045,17.464249,17.464249,16.278821,15.132746,13.152946,12.165525,10.198039,9.219544,8.544004,7.211103,7.071068,7.211103,7.615773,8.246211,8.062258,8.0,7.071068,7.071068,5.385165,5.0,19.209373,22.203603,22.472205,24.186773,22.36068,21.023796,17.464249,13.928388,9.848858,6.708204,4.242641,3.0,4.472136,7.211103,8.602325,10.816654,12.529964,14.317821,15.811388,17.464249,18.248288,18.248288,17.117243,16.124515,14.317821,10.77033
20260626_180449,2026-06-26T09:04:54.645314Z,skeleton,RX1,17.0,18.788294,20.124612,18.788294,17.888544,16.552945,13.928388,11.7047,10.049876,9.0,8.062258,7.28011,7.615773,7.81025,8.485281,7.81025,7.211103,6.708204,5.09902,5.09902,5.830952,7.071068,8.485281,9.219544,10.0,10.0,22.847319,25.059928,26.07681,25.612497,23.345235,19.849433,15.620499,10.0,5.0,3.605551,7.615773,12.649111,14.866069,17.464249,20.124612,21.470911,21.095023,21.633308,21.400935,20.0,17.204651,14.422205,11.7047,9.055385,8.944272,11.313708
20260626_180449,2026-06-26T09:04:54.675562Z,skeleton,RX2,14.317821,15.524175,15.524175,16.763055,15.811388,14.866069,13.928388,12.083046,10.77033,9.848858,7.615773,5.830952,4.242641,4.123106,5.385165,8.062258,10.816654,13.892444,16.552945,18.973666,19.416488,19.104973,18.027756,15.297059,13.0,9.433981,21.023796,22.825424,23.853721,22.203603,20.615528,18.439089,15.811388,12.529964,11.401754,11.0,12.165525,13.601471,14.866069,15.811388,15.811388,16.763055,15.524175,15.524175,14.56022,13.928388,12.083046,10.816654,9.899495,9.433981,10.198039,12.0
20260626_180449,2026-06-26T09:04:54.707209Z,skeleton,RX3,30.265492,28.071338,26.019224,22.090722,18.11077,13.152946,9.486833,7.211103,6.403124,7.28011,9.055385,10.0,11.045361,13.0,13.0,14.035669,14.035669,14.035669,13.152946,12.165525,11.401754,10.77033,10.29563,9.433981,8.602325,7.81025,12.649111,8.944272,4.242641,5.0,9.433981,14.317821,17.888544,20.59126,22.472205,22.803509,22.671568,21.260292,20.0,17.492856,15.652476,13.0,11.7047,9.848858,7.071068,6.708204,9.055385,13.152946,17.262677,22.561028,26.305893,28.442925
20260626_180449,2026-06-26T09:04:54.735218Z,skeleton,RX1,17.029386,19.209373,20.0,19.209373,17.804494,16.401219,14.422205,12.206556,10.77033,9.219544,8.0,8.062258,7.28011,7.615773,8.062258,7.211103,7.81025,6.403124,5.385165,5.09902,6.324555,7.615773,8.062258,9.433981,10.0,10.0,23.853721,25.612497,26.172505,26.248809,23.600847,20.248457,15.652476,10.29563,5.0,3.162278,7.211103,11.18034,15.264338,18.027756,20.0,20.615528,21.260292,21.213203,21.260292,19.849433,17.691806,15.556349,10.816654,9.486833,9.219544,10.816654
20260626_180449,2026-06-26T09:04:54.765423Z,skeleton,RX2,13.0,14.035669,14.142136,14.142136,14.142136,13.152946,12.369317,11.18034,10.198039,8.246211,7.28011,5.385165,4.472136,3.605551,4.0,6.324555,8.544004,11.7047,13.341664,15.132746,16.0,16.124515,14.317821,13.0,10.816654,8.485281,16.643317,17.804494,19.104973,17.691806,17.029386,14.866069,12.041595,10.0,9.486833,9.055385,10.049876,11.18034,12.369317,13.341664,13.341664,13.152946,13.152946,13.152946,12.165525,11.401754,10.440307,8.944272,7.81025,8.602325,8.544004,10.198039
20260626_180449,2026-06-26T09:04:54.795302Z,skeleton,RX3,9.219544,10.049876,12.369317,14.866069,16.155494,17.088007,16.155494,15.811388,14.866069,13.601471,12.649111,11.401754,9.486833,8.944272,7.211103,7.071068,6.403124,7.615773,7.071068,8.0,8.0,7.071068,7.28011,6.324555,6.324555,5.0,17.804494,20.808652,22.472205,22.825424,21.470911,19.697716,17.088007,13.0,9.486833,6.324555,3.605551,2.0,4.242641,5.656854,7.81025,9.219544,11.661904,12.529964,14.317821,14.866069,15.524175,16.278821,15.297059,14.317821,11.401754,10.29563
20260626_180449,2026-06-26T09:04:54.829123Z,skeleton,RX1,18.788294,16.155494,12.649111,9.055385,8.246211,8.062258,7.81025,8.062258,8.544004,8.246211,8.246211,8.062258,7.0,7.28011,6.708204,6.403124,8.485281,9.433981,10.29563,10.29563,10.29563,9.848858,8.544004,7.28011,6.082763,4.123106,4.472136,3.605551,7.615773,12.649111,18.027756,21.540659,25.495098,26.925824,27.202941,27.658633,24.758837,21.931712,17.804494,15.0,10.0,7.071068,4.123106,5.0,8.062258,13.0,16.155494,19.313208,22.472205,24.166092,25.079872,23.259407
20260626_180449,2026-06-26T09:04:54.857342Z,skeleton,RX2,14.866069,16.492423,16.492423,16.492423,16.278821,15.297059,14.142136,13.152946,12.165525,10.049876,8.062258,7.071068,5.0,2.828427,3.0,6.082763,9.219544,12.369317,15.132746,17.0,18.11077,17.464249,17.088007,15.264338,12.806248,10.0,21.023796,22.135944,22.803509,22.36068,20.396078,18.248288,15.524175,13.0,11.401754,10.816654,12.083046,13.601471,14.56022,15.524175,16.492423,16.763055,16.763055,16.763055,15.524175,14.317821,13.152946,12.0,11.18034,9.848858,10.630146,12.206556
20260626_180449,2026-06-26T09:04:54.885387Z,skeleton,RX3,29.427878,28.284271,25.495098,21.377558,17.117243,13.038405,10.049876,7.615773,7.81025,8.062258,9.848858,11.401754,11.401754,13.601471,13.601471,14.56022,14.56022,14.56022,14.317821,13.152946,12.041595,11.0,11.045361,10.198039,9.219544,8.246211,12.0,8.0,3.605551,3.605551,7.81025,12.806248,17.029386,19.849433,21.213203,22.022716,21.633308,20.124612,17.464249,15.811388,14.317821,12.165525,10.198039,8.246211,6.708204,5.830952,8.246211,13.038405,17.029386,21.023796,25.019992,28.160256
20260626_180449,2026-06-26T09:04:54.916673Z,skeleton,RX1,19.026298,16.0,12.041595,8.944272,7.81025,7.211103,7.071068,8.0,8.062258,8.246211,8.544004,7.615773,7.211103,7.071068,7.211103,7.28011,8.246211,10.0,11.0,11.045361,11.045361,10.049876,9.219544,7.28011,6.324555,5.0,4.472136,3.605551,7.071068,12.041595,17.029386,21.213203,24.515301,26.925824,27.513633,26.400758,25.059928,22.472205,18.601075,15.0,11.401754,6.708204,4.0,4.472136,7.071068,11.0,16.03122,19.026298,22.022716,24.0,25.0,24.0
20260626_180449,2026-06-26T09:04:54.945183Z,skeleton,RX2,15.132746,16.03122,17.0,17.0,16.0,16.03122,15.033296,13.038405,12.041595,10.049876,9.055385,7.071068,4.123106,2.828427,4.0,6.708204,8.944272,13.0,14.866069,17.464249,18.11077,18.0,17.262677,14.866069,12.529964,9.899495,22.022716,23.021729,24.186773,22.825424,21.023796,18.788294,16.124515,12.806248,11.401754,11.7047,12.165525,14.035669,16.03122,16.0,17.0,18.027756,17.029386,17.029386,16.03122,15.0,13.038405,12.369317,10.77033,10.0,11.401754,12.083046
20260626_180449,2026-06-26T09:04:54.975125Z,skeleton,RX3,28.425341,28.425341,25.495098,21.260292,17.029386,13.601471,10.29563,8.246211,7.071068,8.544004,9.433981,10.816654,12.041595,12.806248,12.806248,14.21267,14.21267,14.21267,13.453624,12.727922,12.041595,10.816654,10.29563,9.848858,8.544004,7.615773,12.369317,8.062258,4.472136,5.0,8.544004,13.416408,17.0,20.615528,21.18962,21.587033,21.377558,20.024984,19.026298,17.262677,14.317821,12.369317,11.401754,8.062258,7.0,8.062258,9.899495,13.601471,16.643317,22.472205,25.238859,28.017851
20260626_180449,2026-06-26T09:04:55.024144Z,skeleton,RX1,18.867962,15.811388,12.806248,9.219544,7.615773,7.0,7.28011,8.062258,7.211103,7.81025,7.81025,7.211103,7.211103,6.324555,6.082763,6.082763,7.615773,7.615773,8.944272,9.433981,9.433981,10.0,7.81025,6.403124,5.830952,4.123106,3.605551,4.0,7.211103,12.206556,17.204651,21.095023,25.059928,26.400758,26.570661,25.96151,24.33105,21.213203,18.027756,14.035669,10.049876,6.324555,3.605551,5.09902,8.062258,12.206556,15.811388,20.0,22.203603,23.853721,23.853721,23.323808
20260626_180449,2026-06-26T09:04:55.036571Z,skeleton,RX2,14.142136,15.524175,15.524175,15.811388,15.811388,14.866069,13.928388,12.649111,10.77033,9.848858,7.615773,6.708204,4.242641,3.162278,4.123106,6.403124,10.0,13.038405,14.764823,16.155494,17.720045,17.262677,17.029386,15.132746,12.649111,10.29563,19.416488,20.615528,21.931712,21.260292,19.209373,17.029386,14.142136,11.401754,9.848858,10.049876,11.045361,12.165525,13.601471,14.56022,14.56022,15.524175,15.524175,14.56022,14.317821,13.601471,11.7047,10.29563,9.219544,8.602325,10.440307,11.045361
20260626_180449,2026-06-26T09:04:55.065349Z,skeleton,RX3,28.301943,26.627054,23.853721,20.808652,16.643317,12.529964,9.486833,8.0,7.28011,8.602325,9.219544,10.630146,12.041595,12.806248,13.453624,13.453624,14.142136,14.866069,14.21267,12.806248,12.206556,11.18034,10.77033,9.486833,9.219544,8.062258,12.369317,8.246211,4.123106,4.0,8.062258,12.206556,16.124515,18.788294,20.615528,21.18962,19.646883,19.104973,17.029386,16.03122,13.152946,12.369317,9.219544,8.062258,6.082763,5.830952,8.602325,12.529964,16.552945,21.023796,24.596748,26.41969
20260626_180449,2026-06-26T09:04:55.096859Z,skeleton,RX1,16.763055,18.681542,19.646883,19.416488,18.681542,16.492423,14.317821,12.041595,10.0,8.246211,7.615773,7.211103,7.071068,7.211103,8.062258,7.615773,7.28011,6.082763,6.082763,4.472136,6.403124,7.211103,8.544004,8.544004,10.440307,10.440307,23.769729,25.495098,26.925824,25.806976,24.083189,19.79899,16.278821,10.630146,5.0,2.828427,7.28011,12.165525,15.297059,17.720045,19.924859,21.540659,21.931712,22.36068,21.954498,19.723083,17.0,15.652476,11.401754,9.0,9.433981,10.816654
20260626_180449,2026-06-26T09:04:55.125607Z,skeleton,RX2,12.165525,14.317821,14.317821,14.56022,13.601471,13.601471,12.649111,11.7047,10.440307,8.544004,7.615773,5.385165,4.242641,3.162278,4.123106,5.830952,9.433981,11.18034,13.0,14.56022,16.278821,16.03122,15.033296,13.341664,10.77033,8.602325,17.492856,18.601075,19.104973,19.104973,17.029386,14.866069,12.041595,10.0,9.486833,9.055385,10.049876,11.401754,12.369317,13.341664,13.601471,13.341664,13.341664,13.341664,12.369317,11.401754,10.77033,9.433981,9.219544,8.602325,9.486833,10.049876
20260626_180449,2026-06-26T09:04:55.155187Z,skeleton,RX3,27.586228,26.172505,24.083189,19.849433,16.278821,12.041595,9.433981,7.28011,7.071068,7.615773,9.433981,10.816654,12.206556,13.038405,13.038405,14.422205,14.422205,13.601471,13.601471,12.041595,12.041595,11.401754,10.816654,10.77033,9.848858,9.486833,12.649111,8.246211,5.0,3.162278,7.28011,10.77033,15.231546,18.027756,19.646883,19.235384,19.026298,18.027756,17.262677,15.524175,13.928388,12.083046,9.848858,7.615773,6.082763,6.324555,7.81025,12.041595,15.620499,20.0,24.207437,26.248809
20260626_180449,2026-06-26T09:04:55.185510Z,skeleton,RX1,15.652476,18.788294,19.697716,18.788294,17.464249,16.155494,13.601471,11.401754,10.049876,8.0,8.246211,8.062258,7.81025,8.485281,8.602325,8.602325,8.062258,7.615773,6.082763,6.082763,6.708204,7.81025,9.219544,10.0,10.0,10.0,24.413111,26.248809,26.870058,26.248809,24.413111,21.095023,17.0,11.18034,5.830952,3.162278,6.708204,11.18034,14.317821,17.0,18.867962,20.808652,20.615528,21.260292,20.518285,18.384776,16.278821,14.21267,10.816654,8.062258,7.615773,10.630146
20260626_180449,2026-06-26T09:04:55.216420Z,skeleton,RX2,13.892444,15.652476,16.155494,16.155494,16.155494,14.866069,13.601471,12.649111,11.7047,9.486833,7.615773,5.385165,4.123106,2.236068,4.0,6.082763,10.049876,13.0,15.033296,17.464249,18.027756,17.464249,17.204651,14.142136,12.206556,9.486833,22.847319,24.041631,25.0,23.537205,22.203603,18.248288,16.492423,13.928388,12.206556,12.806248,13.038405,14.764823,16.155494,17.464249,17.088007,17.464249,17.464249,16.552945,16.552945,14.866069,13.601471,12.165525,11.0,10.440307,10.29563,11.313708
20260626_180449,2026-06-26T09:04:55.245405Z,skeleton,RX3,9.219544,9.433981,12.649111,13.341664,15.297059,15.297059,15.297059,14.317821,13.601471,12.649111,11.401754,9.486833,8.246211,7.28011,7.0,6.082763,5.385165,5.830952,5.656854,6.403124,6.708204,6.708204,6.324555,5.09902,5.0,4.123106,18.788294,21.540659,22.472205,24.041631,22.561028,20.615528,18.248288,14.317821,11.18034,8.246211,5.385165,4.472136,5.0,6.082763,8.062258,10.198039,11.045361,13.0,15.033296,16.124515,16.278821,16.492423,15.524175,14.56022,12.165525,11.0
20260626_180449,2026-06-26T09:04:55.276580Z,skeleton,RX1,12.649111,13.928388,14.866069,13.928388,13.0,11.7047,9.848858,8.062258,7.81025,6.403124,6.708204,6.082763,6.0,6.082763,6.082763,6.324555,6.708204,5.830952,5.656854,5.830952,6.324555,6.0,7.071068,8.246211,8.246211,8.246211,19.235384,21.023796,21.023796,21.095023,19.416488,16.492423,13.601471,8.544004,5.09902,2.236068,5.09902,8.246211,10.440307,13.341664,14.142136,16.124515,16.03122,16.0,16.03122,14.035669,13.038405,10.0,8.246211,5.830952,5.385165,8.062258
20260626_180449,2026-06-26T09:04:55.307207Z,skeleton,RX2,16.0,14.035669,12.041595,10.198039,8.544004,7.81025,7.211103,7.28011,9.219544,10.0,11.045361,13.038405,14.035669,14.142136,15.524175,13.928388,14.317821,11.661904,9.219544,5.656854,2.236068,2.0,5.0,8.0,10.198039,11.401754,10.0,10.440307,13.038405,15.811388,20.0,21.633308,23.323808,23.706539,22.847319,22.135944,19.646883,16.492423,14.317821,11.401754,8.944272,8.485281,8.602325,9.486833,11.18034,14.142136,15.033296,17.029386,19.026298,20.024984,20.024984,19.026298
20260626_180449,2026-06-26T09:04:55.335185Z,skeleton,RX3,8.062258,10.198039,12.041595,14.0,15.033296,16.03122,16.03122,15.0,14.0,13.0,11.0,10.0,9.0,7.071068,6.082763,5.830952,6.403124,6.403124,6.708204,7.28011,7.071068,7.071068,7.0,6.082763,5.385165,4.472136,18.867962,20.59126,22.36068,22.847319,22.472205,19.924859,17.720045,14.317821,10.198039,7.28011,5.0,3.162278,4.123106,6.324555,7.615773,9.486833,11.401754,13.341664,14.142136,16.0,16.03122,17.117243,16.124515,14.035669,12.0,10.198039
20260626_180449,2026-06-26T09:04:55.367568Z,skeleton,RX1,21.023796,17.0,14.142136,10.440307,8.602325,8.062258,8.246211,9.055385,9.0,9.055385,9.219544,8.246211,6.708204,6.403124,6.403124,6.708204,7.071068,9.055385,10.0,10.0,10.049876,10.049876,9.219544,7.28011,5.830952,4.242641,4.123106,3.605551,8.0,13.0,18.0,23.021729,27.294688,28.635642,29.410882,27.856777,25.495098,22.825424,18.867962,14.422205,10.816654,6.324555,4.123106,5.385165,10.049876,14.0,18.027756,22.0,24.0,27.0,27.0,26.019224
20260626_180449,2026-06-26T09:04:55.396134Z,skeleton,RX2,12.165525,13.038405,14.035669,14.0,14.0,13.0,12.041595,11.045361,10.0,9.055385,7.071068,6.082763,4.123106,2.828427,4.0,5.385165,8.544004,11.401754,13.341664,15.033296,16.03122,16.124515,14.56022,13.416408,10.816654,8.485281,17.492856,19.235384,19.697716,18.973666,17.720045,14.866069,12.083046,10.29563,9.219544,9.433981,9.486833,11.18034,12.041595,13.152946,13.152946,13.152946,13.152946,13.152946,12.165525,11.045361,11.0,9.055385,8.544004,8.602325,8.602325,9.848858
20260626_180449,2026-06-26T09:04:55.425475Z,skeleton,RX3,28.160256,27.202941,23.4094,20.880613,16.763055,13.341664,10.0,8.246211,7.211103,8.602325,9.433981,10.29563,12.083046,13.416408,14.764823,13.892444,14.764823,14.764823,13.416408,13.0,11.401754,11.18034,11.045361,9.0,9.055385,8.062258,12.041595,8.062258,3.605551,3.605551,8.485281,12.806248,16.278821,19.104973,20.615528,20.808652,20.59126,18.788294,17.088007,15.524175,13.152946,12.041595,10.049876,8.062258,6.708204,6.403124,8.544004,12.369317,17.262677,21.213203,25.317978,27.658633
20260626_180449,2026-06-26T09:04:55.457088Z,skeleton,RX1,16.552945,18.788294,19.697716,18.788294,18.788294,17.0,14.764823,12.206556,10.630146,8.602325,7.615773,7.28011,8.0,8.062258,8.246211,7.615773,7.615773,6.708204,5.656854,5.385165,5.0,7.071068,8.544004,8.944272,9.433981,9.433981,24.020824,26.019224,27.166155,26.683328,25.0,21.540659,16.552945,11.18034,5.385165,2.236068,6.324555,10.77033,14.56022,17.464249,19.416488,20.223748,21.095023,21.023796,21.023796,20.024984,17.029386,14.035669,11.18034,8.062258,7.615773,10.049876
20260626_180449,2026-06-26T09:04:55.485775Z,skeleton,RX2,15.0,13.601471,11.313708,9.219544,6.708204,6.082763,6.082763,6.708204,7.211103,8.485281,9.899495,11.313708,12.041595,12.806248,13.038405,13.0,12.369317,10.049876,8.0,5.09902,1.414214,2.236068,5.0,7.81025,9.899495,12.206556,10.630146,10.816654,13.0,16.763055,19.646883,21.84033,23.4094,23.769729,23.706539,21.954498,19.416488,17.204651,15.0,12.206556,9.848858,9.219544,8.0,9.486833,11.18034,12.529964,14.422205,16.401219,17.804494,18.601075,19.416488,18.601075
20260626_180449,2026-06-26T09:04:55.515093Z,skeleton,RX3,28.284271,26.305893,23.345235,20.396078,16.278821,12.041595,9.055385,7.615773,6.403124,7.615773,8.544004,10.440307,11.18034,11.401754,12.649111,13.601471,13.601471,13.341664,12.369317,12.041595,11.0,11.045361,10.049876,9.219544,8.544004,7.615773,13.928388,9.848858,5.656854,5.09902,8.485281,13.038405,17.204651,20.0,21.260292,21.213203,21.400935,20.248457,18.35756,16.155494,14.56022,13.341664,10.198039,9.219544,6.708204,6.403124,8.246211,12.041595,17.029386,21.0,24.020824,27.073973
20260626_180449,2026-06-26T09:04:55.547642Z,skeleton,RX1,15.811388,18.867962,18.867962,18.867962,18.027756,16.124515,13.416408,11.7047,9.486833,9.055385,8.062258,7.615773,8.062258,7.81025,8.485281,7.81025,8.062258,7.211103,6.324555,6.0,6.324555,7.211103,9.219544,9.899495,9.899495,9.899495,24.041631,26.248809,27.202941,26.925824,24.596748,21.540659,16.763055,11.401754,5.830952,3.0,6.403124,10.816654,14.422205,16.401219,19.104973,19.79899,21.260292,20.615528,20.0,18.601075,16.401219,13.453624,10.630146,7.615773,7.28011,10.630146
20260626_180449,2026-06-26T09:04:55.577143Z,skeleton,RX2,10.0,12.041595,12.165525,13.152946,12.369317,12.369317,11.401754,10.440307,9.219544,8.246211,6.324555,5.385165,2.828427,2.0,3.605551,6.403124,9.219544,11.661904,13.416408,14.866069,16.492423,16.124515,15.0,13.152946,11.401754,8.062258,18.439089,19.416488,20.59126,19.235384,17.888544,15.652476,13.416408,11.401754,9.219544,9.848858,10.198039,11.045361,12.0,13.0,13.0,14.0,13.038405,13.038405,12.0,12.0,10.049876,9.219544,8.544004,7.81025,8.062258,8.246211
20260626_180449,2026-06-26T09:04:55.605228Z,skeleton,RX3,9.0,11.401754,13.0,15.652476,16.124515,17.492856,17.0,15.652476,15.652476,14.317821,13.0,11.18034,8.944272,8.602325,7.81025,7.81025,6.708204,7.071068,8.062258,8.062258,8.062258,7.28011,7.28011,6.708204,5.830952,4.242641,18.439089,20.615528,23.345235,22.627417,22.671568,20.0,17.204651,13.601471,10.0,6.403124,3.605551,3.0,4.242641,6.403124,7.81025,10.0,11.313708,13.601471,14.422205,15.264338,15.652476,15.231546,16.155494,14.317821,12.529964,9.219544
20260626_180449,2026-06-26T09:04:55.637047Z,skeleton,RX1,13.038405,14.422205,14.422205,14.422205,14.422205,12.206556,11.401754,9.219544,7.81025,6.708204,5.385165,6.082763,5.0,6.082763,6.324555,5.385165,5.830952,5.0,4.242641,4.123106,4.0,5.09902,5.385165,6.708204,7.211103,7.211103,17.088007,18.681542,20.396078,19.104973,18.0,15.033296,12.165525,8.062258,3.0,2.0,5.0,8.602325,10.816654,12.529964,14.317821,15.231546,16.155494,15.811388,15.524175,14.56022,12.649111,10.77033,8.062258,6.403124,6.082763,8.544004
20260626_180449,2026-06-26T09:04:55.665600Z,skeleton,RX2,17.029386,16.03122,13.152946,11.401754,8.944272,7.81025,6.708204,8.246211,9.0,11.045361,12.041595,13.038405,15.0,16.03122,16.124515,15.524175,14.866069,12.529964,10.0,6.403124,2.828427,1.0,5.09902,8.062258,11.045361,13.152946,11.0,11.401754,13.892444,17.204651,21.400935,23.021729,24.698178,25.942244,25.495098,23.4094,20.880613,18.681542,14.56022,12.649111,10.29563,9.219544,9.433981,10.440307,12.165525,14.035669,16.0,19.0,20.024984,21.023796,22.0,21.0
20260626_180449,2026-06-26T09:04:55.699980Z,skeleton,RX3,9.055385,11.7047,13.416408,15.264338,15.811388,16.643317,16.643317,16.643317,14.422205,13.892444,12.529964,10.816654,9.433981,8.602325,7.071068,7.211103,6.708204,7.071068,8.0,8.062258,8.246211,7.28011,7.615773,6.708204,5.830952,5.0,18.35756,21.095023,22.203603,23.600847,22.022716,20.518285,16.970563,14.142136,9.899495,6.403124,3.162278,3.162278,4.472136,5.830952,8.062258,10.0,11.401754,13.453624,14.866069,15.0,15.811388,16.124515,16.124515,13.892444,12.206556,10.0
20260626_180449,2026-06-26T09:04:55.728487Z,skeleton,RX1,18.973666,14.866069,11.18034,8.485281,6.708204,7.071068,7.28011,7.615773,8.602325,8.602325,9.219544,8.485281,7.81025,6.708204,7.071068,7.0,8.062258,9.486833,10.77033,11.18034,11.18034,9.433981,8.602325,7.81025,6.403124,4.472136,5.0,3.605551,7.0,12.369317,17.464249,21.377558,25.179357,27.018512,28.0,27.166155,25.495098,22.803509,18.027756,14.866069,10.77033,7.071068,3.162278,4.0,7.28011,12.083046,16.155494,18.788294,22.472205,24.351591,24.351591,23.086793
20260626_180449,2026-06-26T09:04:55.755245Z,skeleton,RX2,18.248288,16.124515,13.038405,11.0,8.062258,6.708204,5.656854,6.324555,8.062258,9.0,11.0,12.0,13.038405,14.035669,15.297059,14.56022,14.317821,12.206556,9.899495,6.403124,2.236068,1.414214,5.830952,8.544004,11.18034,12.0,11.401754,12.0,14.317821,17.088007,21.540659,23.4094,25.298221,25.96151,25.495098,24.186773,22.022716,19.026298,16.03122,14.035669,11.401754,9.848858,9.219544,10.0,11.18034,13.601471,16.278821,18.248288,20.223748,20.396078,21.213203,20.396078
20260626_180449,2026-06-26T09:04:55.785443Z,skeleton,RX3,26.925824,26.570661,23.086793,19.924859,17.088007,13.0,9.433981,7.81025,7.615773,8.062258,10.0,11.045361,12.041595,13.038405,14.035669,14.035669,15.033296,14.035669,14.142136,13.152946,12.369317,11.7047,11.18034,10.816654,10.816654,9.433981,12.206556,8.602325,4.123106,3.605551,7.0,11.045361,14.035669,17.029386,18.027756,19.235384,18.439089,18.027756,15.652476,14.422205,12.806248,11.313708,9.899495,7.81025,6.708204,6.0,8.544004,11.18034,16.124515,19.723083,23.706539,25.942244
20260626_180449,2026-06-26T09:04:55.816236Z,skeleton,RX1,20.59126,17.492856,13.453624,10.0,9.219544,9.055385,9.486833,10.29563,10.816654,10.630146,9.899495,10.0,9.433981,8.944272,8.246211,8.0,9.219544,9.486833,9.848858,11.18034,10.29563,10.816654,9.219544,7.81025,5.656854,4.472136,5.0,3.605551,7.28011,12.083046,18.384776,22.135944,26.925824,28.442925,29.154759,28.017851,26.07681,23.194827,19.235384,15.297059,10.198039,6.082763,2.236068,4.472136,9.433981,13.038405,18.027756,22.472205,24.698178,26.41969,27.294688,26.832816
20260626_180449,2026-06-26T09:04:55.845511Z,skeleton,RX2,15.652476,13.416408,10.77033,8.246211,7.071068,5.09902,5.0,5.830952,6.324555,8.246211,10.198039,11.401754,12.369317,13.0,13.416408,13.038405,12.041595,10.630146,8.062258,4.123106,1.0,2.236068,6.082763,8.062258,11.18034,12.083046,11.661904,11.401754,13.0,16.03122,19.104973,22.090722,23.021729,24.0,23.086793,22.203603,20.223748,17.464249,15.297059,12.165525,10.049876,9.055385,8.544004,8.602325,10.630146,12.206556,13.892444,15.264338,17.0,18.788294,18.788294,17.888544
20260626_180449,2026-06-26T09:04:55.875149Z,skeleton,RX3,27.45906,26.305893,24.186773,20.223748,16.278821,12.369317,9.848858,7.81025,7.211103,8.246211,10.0,11.0,12.0,13.0,14.035669,14.035669,15.0,15.0,14.0,13.038405,12.165525,11.401754,10.77033,9.848858,9.433981,8.062258,12.806248,8.602325,4.242641,3.605551,8.246211,12.165525,16.492423,18.681542,20.248457,21.023796,20.59126,18.601075,17.691806,16.278821,14.21267,11.661904,9.433981,8.602325,6.403124,7.28011,8.062258,12.369317,16.763055,20.880613,24.738634,26.925824
20260626_180449,2026-06-26T09:04:55.905393Z,skeleton,RX1,17.204651,13.892444,9.848858,8.062258,6.082763,6.403124,7.211103,8.062258,8.544004,8.246211,8.246211,8.062258,7.0,7.071068,7.28011,7.211103,7.071068,8.485281,8.602325,9.433981,9.433981,8.944272,7.615773,6.324555,5.09902,4.0,5.0,3.0,6.403124,10.630146,14.21267,19.104973,21.931712,23.430749,25.0,23.323808,21.931712,19.313208,15.811388,12.649111,9.486833,5.385165,2.828427,3.605551,6.403124,10.29563,13.892444,17.0,19.723083,21.633308,21.633308,20.808652
20260626_180449,2026-06-26T09:04:55.936023Z,skeleton,RX2,16.124515,15.264338,12.206556,10.0,7.81025,6.708204,6.0,6.324555,8.062258,9.433981,10.816654,12.206556,13.038405,13.416408,14.866069,13.601471,14.142136,12.0,9.055385,6.324555,2.236068,1.0,5.0,7.071068,10.0,11.18034,10.77033,10.630146,12.206556,16.124515,19.235384,20.59126,22.472205,23.600847,23.430749,21.931712,19.79899,17.691806,14.866069,12.041595,10.0,9.848858,8.062258,10.049876,11.401754,13.0,14.317821,16.552945,18.35756,19.235384,19.723083,19.235384
20260626_180449,2026-06-26T09:04:55.966263Z,skeleton,RX3,8.944272,10.630146,12.206556,13.892444,15.652476,16.124515,16.124515,15.264338,14.422205,13.038405,12.206556,10.816654,9.433981,8.062258,7.615773,7.071068,7.0,7.071068,7.615773,8.062258,7.211103,7.81025,7.071068,6.403124,4.472136,4.123106,18.384776,20.248457,21.84033,22.561028,21.377558,20.223748,17.029386,14.035669,11.045361,8.062258,5.385165,4.242641,4.123106,6.0,8.0,10.0,12.041595,13.152946,14.317821,15.811388,16.155494,16.552945,16.552945,15.652476,13.0,11.18034
20260626_180449,2026-06-26T09:04:55.995200Z,skeleton,RX1,20.0,17.204651,13.038405,10.440307,9.0,7.615773,7.81025,8.485281,8.602325,8.062258,8.944272,7.615773,7.28011,7.071068,7.071068,6.708204,7.211103,8.485281,9.219544,9.219544,9.433981,8.944272,7.615773,6.324555,5.09902,4.123106,3.605551,3.162278,6.403124,11.401754,16.401219,21.260292,24.758837,25.612497,26.627054,25.553865,24.596748,21.540659,17.088007,13.601471,9.848858,6.403124,4.123106,5.830952,9.219544,12.206556,16.643317,20.808652,23.021729,25.0,25.612497,24.839485
20260626_180449,2026-06-26T09:04:56.025439Z,skeleton,RX2,14.866069,13.453624,10.630146,8.602325,6.708204,5.0,5.385165,5.656854,7.211103,9.433981,10.816654,12.206556,12.806248,13.453624,14.142136,13.601471,12.529964,10.77033,8.246211,5.09902,1.0,2.0,5.385165,8.944272,10.816654,12.727922,10.29563,11.313708,12.529964,15.231546,18.027756,20.248457,22.847319,23.259407,22.825424,21.633308,20.0,17.804494,14.21267,12.206556,10.29563,8.544004,8.062258,8.246211,9.848858,10.816654,12.806248,14.866069,16.278821,17.691806,18.439089,17.691806
20260626_180449,2026-06-26T09:04:56.056121Z,skeleton,RX3,8.062258,10.198039,12.083046,14.764823,15.264338,16.124515,16.124515,14.764823,13.892444,12.529964,11.18034,10.29563,9.433981,8.602325,7.071068,6.403124,6.324555,7.071068,7.0,7.071068,8.246211,7.615773,7.615773,7.211103,6.403124,5.0,18.439089,21.260292,22.627417,23.345235,22.022716,20.0,17.204651,14.422205,10.816654,7.211103,4.242641,2.236068,3.605551,5.656854,7.071068,8.485281,10.630146,12.206556,13.892444,15.652476,15.231546,15.811388,14.866069,13.928388,12.083046,9.433981
20260626_180449,2026-06-26T09:04:56.085985Z,skeleton,RX1,20.615528,17.804494,13.038405,10.440307,8.0,7.28011,7.81025,8.485281,8.602325,8.944272,8.544004,8.246211,7.28011,7.071068,7.071068,6.708204,7.211103,8.485281,8.602325,9.433981,9.433981,8.944272,7.615773,6.082763,5.0,3.162278,4.123106,3.0,6.403124,11.313708,16.970563,20.615528,24.413111,26.07681,27.294688,26.0,24.041631,21.587033,17.262677,14.142136,9.219544,5.830952,3.162278,5.385165,8.485281,12.806248,16.401219,20.0,23.430749,24.839485,25.495098,25.495098
20260626_180449,2026-06-26T09:04:56.115284Z,skeleton,RX2,17.0,14.764823,12.083046,9.486833,7.071068,5.385165,5.656854,6.708204,8.544004,10.440307,11.401754,12.649111,13.601471,15.231546,16.124515,15.0,13.453624,11.401754,9.433981,5.385165,1.414214,2.0,6.0,9.055385,11.401754,13.416408,11.401754,11.18034,13.152946,16.0,19.0,22.0,24.020824,24.083189,24.33105,23.537205,20.880613,18.973666,15.811388,13.341664,11.18034,9.0,8.246211,8.602325,9.899495,12.206556,13.892444,15.652476,17.888544,19.235384,20.124612,20.124612
20260626_180449,2026-06-26T09:04:56.145253Z,skeleton,RX3,29.274562,27.294688,24.33105,20.396078,17.262677,13.038405,9.055385,7.28011,6.403124,7.615773,8.544004,10.198039,11.18034,12.369317,13.341664,13.601471,13.341664,13.341664,13.152946,12.041595,12.0,11.045361,10.198039,9.486833,9.486833,7.615773,13.601471,9.486833,5.0,4.123106,9.219544,13.038405,17.204651,19.209373,20.518285,21.931712,21.400935,19.723083,17.888544,17.088007,14.56022,13.152946,11.18034,9.219544,7.615773,7.071068,8.544004,12.041595,16.03122,20.0,24.020824,28.071338
20260626_180449,2026-06-26T09:04:56.175298Z,skeleton,RX1,12.806248,14.21267,15.620499,14.21267,14.21267,12.041595,11.313708,9.899495,8.602325,6.708204,6.324555,6.082763,6.0,6.082763,5.385165,5.830952,5.830952,5.0,3.605551,4.123106,5.0,5.09902,6.324555,6.708204,7.211103,7.211103,17.492856,19.235384,19.313208,19.924859,17.464249,15.132746,12.041595,8.0,3.162278,2.0,5.656854,8.485281,10.630146,12.806248,15.0,15.264338,16.124515,15.652476,16.552945,14.317821,13.416408,11.18034,8.602325,7.211103,6.082763,7.615773
20260626_180449,2026-06-26T09:04:56.205708Z,skeleton,RX2,18.384776,16.278821,13.453624,10.0,8.062258,5.09902,4.472136,5.656854,6.708204,8.944272,10.29563,12.529964,13.892444,14.422205,14.866069,14.866069,13.601471,12.083046,9.219544,6.0,2.236068,2.236068,6.0,9.219544,11.7047,13.892444,13.038405,12.727922,13.892444,17.088007,19.924859,23.4094,25.632011,26.0,25.495098,25.553865,22.472205,20.808652,17.204651,14.422205,12.529964,10.440307,10.0,9.219544,10.77033,13.038405,14.21267,16.970563,18.384776,19.79899,21.213203,20.518285
20260626_180449,2026-06-26T09:04:56.235601Z,skeleton,RX3,9.219544,10.77033,13.152946,15.132746,17.029386,17.029386,17.029386,16.124515,15.132746,14.142136,13.152946,11.045361,10.049876,9.0,8.062258,7.28011,8.062258,7.81025,7.81025,8.602325,8.944272,8.544004,8.246211,7.28011,6.082763,5.0,17.088007,19.924859,20.615528,22.561028,20.223748,19.104973,17.029386,13.0,10.0,6.0,4.123106,2.236068,3.162278,5.385165,7.615773,9.486833,11.18034,12.041595,14.0,15.033296,16.278821,16.278821,15.524175,14.317821,12.165525,10.049876
20260626_180449,2026-06-26T09:04:56.267050Z,skeleton,RX1,18.788294,16.155494,12.649111,9.055385,8.062258,7.211103,7.211103,7.615773,8.246211,8.246211,8.062258,8.0,7.0,7.28011,6.708204,7.211103,7.81025,8.602325,9.848858,9.848858,9.848858,9.848858,7.28011,6.082763,6.0,4.123106,4.472136,3.605551,8.062258,12.083046,16.155494,21.023796,25.059928,26.07681,26.400758,25.495098,24.083189,21.400935,18.027756,14.422205,10.816654,7.071068,4.472136,5.0,8.062258,12.083046,15.231546,19.313208,21.540659,24.166092,24.596748,23.259407
20260626_180449,2026-06-26T09:04:56.296264Z,skeleton,RX2,18.601075,17.204651,14.422205,11.401754,8.485281,6.708204,5.0,5.385165,7.81025,9.219544,10.630146,12.041595,14.142136,15.620499,15.811388,16.124515,14.866069,13.341664,11.0,7.28011,3.605551,2.236068,5.0,8.246211,10.29563,12.806248,11.401754,11.661904,12.727922,16.401219,19.723083,22.472205,24.413111,25.612497,24.839485,23.345235,21.931712,20.518285,16.278821,14.142136,11.401754,10.29563,9.219544,10.0,11.18034,13.0,14.764823,17.492856,18.027756,20.248457,20.808652,21.633308
20260626_180449,2026-06-26T09:04:56.330205Z,skeleton,RX3,27.892651,25.96151,24.041631,20.880613,16.492423,12.165525,9.0,6.082763,5.830952,5.830952,7.615773,9.486833,10.440307,11.401754,12.369317,12.649111,13.601471,13.341664,12.369317,12.165525,11.045361,10.0,10.198039,9.486833,8.544004,7.615773,13.038405,9.055385,4.472136,4.0,7.81025,12.041595,15.556349,17.691806,20.0,21.633308,20.124612,19.313208,17.720045,16.278821,14.035669,13.0,11.0,9.0,7.28011,6.403124,8.062258,11.401754,15.297059,19.235384,23.345235,26.476405
20260626_180449,2026-06-26T09:04:56.357033Z,skeleton,RX1,12.727922,14.142136,14.866069,14.866069,14.142136,13.453624,11.401754,10.0,8.062258,7.28011,6.082763,6.0,6.082763,5.385165,5.830952,5.830952,5.0,5.0,4.472136,4.0,4.123106,5.385165,5.830952,6.403124,7.071068,7.071068,18.027756,19.723083,19.697716,20.248457,18.681542,15.297059,12.041595,8.062258,4.123106,2.0,5.0,8.485281,11.313708,13.453624,14.21267,16.401219,15.811388,16.643317,16.124515,14.764823,13.892444,11.661904,9.219544,7.211103,6.0,8.062258
20260626_180449,2026-06-26T09:04:56.386050Z,skeleton,RX2,18.867962,16.643317,14.422205,10.0,8.485281,5.830952,4.0,5.0,6.403124,8.602325,10.816654,12.206556,14.21267,14.866069,15.620499,15.264338,14.317821,12.369317,10.049876,6.082763,2.828427,2.828427,6.0,9.219544,11.7047,13.038405,12.369317,12.529964,14.21267,17.029386,20.0,23.600847,25.0,26.248809,25.495098,24.758837,22.671568,19.849433,17.804494,14.866069,12.041595,10.816654,9.486833,10.049876,11.18034,12.649111,14.317821,16.124515,18.867962,20.248457,20.808652,20.808652
20260626_180449,2026-06-26T09:04:56.415362Z,skeleton,RX3,8.602325,10.816654,13.0,14.866069,16.492423,16.763055,16.763055,15.811388,14.866069,13.928388,12.649111,11.7047,9.486833,8.246211,8.062258,7.071068,6.324555,6.708204,7.211103,7.071068,7.211103,7.211103,6.708204,6.324555,5.09902,4.0,18.248288,21.213203,22.090722,23.021729,22.0,20.024984,17.029386,13.152946,10.049876,7.071068,4.123106,2.828427,4.0,6.082763,8.062258,10.049876,11.0,13.038405,15.132746,16.492423,16.492423,17.088007,16.155494,14.866069,13.601471,11.045361
20260626_180449,2026-06-26T09:04:56.445995Z,skeleton,RX1,15.556349,16.970563,18.384776,17.691806,16.970563,15.556349,13.453624,11.401754,8.944272,7.28011,7.071068,7.071068,7.28011,6.708204,7.211103,7.071068,6.403124,6.708204,6.082763,7.0,7.28011,8.544004,10.29563,10.29563,11.401754,10.816654,24.839485,26.627054,27.784888,27.730849,24.698178,21.84033,16.492423,11.401754,5.830952,4.123106,7.211103,11.313708,14.866069,17.029386,20.0,20.808652,21.954498,21.470911,21.023796,20.124612,17.888544,14.764823,11.401754,9.219544,7.071068,8.944272
20260626_180449,2026-06-26T09:04:56.475869Z,skeleton,RX2,18.439089,16.278821,14.21267,11.401754,8.062258,6.082763,5.09902,6.403124,7.211103,8.944272,11.18034,12.529964,13.601471,15.0,14.866069,15.620499,14.422205,13.0,10.198039,7.0,3.162278,2.236068,5.09902,8.062258,10.77033,12.529964,12.206556,12.041595,13.416408,16.763055,19.646883,22.803509,25.0,25.632011,25.079872,23.259407,21.954498,19.723083,16.124515,13.416408,11.7047,10.198039,10.0,10.440307,11.18034,12.806248,14.866069,16.970563,18.439089,19.849433,21.260292,21.260292
20260626_180449,2026-06-26T09:04:56.505586Z,skeleton,RX3,8.944272,11.045361,13.0,15.132746,16.124515,16.278821,16.278821,16.124515,15.132746,14.142136,12.165525,11.045361,10.198039,8.246211,7.615773,7.211103,7.071068,7.211103,7.615773,8.246211,8.246211,8.062258,7.0,6.082763,6.324555,5.385165,17.888544,20.124612,22.847319,22.472205,21.84033,19.416488,17.464249,14.142136,10.049876,7.071068,3.605551,2.236068,3.162278,5.830952,7.211103,8.944272,10.77033,12.649111,13.341664,15.132746,16.03122,16.0,16.03122,14.0,12.041595,10.440307
20260626_180449,2026-06-26T09:04:56.535176Z,skeleton,RX1,16.124515,18.248288,19.416488,19.416488,18.248288,16.278821,14.56022,11.7047,10.77033,8.602325,8.485281,6.403124,6.708204,7.071068,7.0,7.0,6.082763,6.324555,5.0,5.830952,6.324555,7.071068,8.0,9.055385,10.049876,10.049876,23.194827,25.019992,26.019224,26.172505,23.537205,20.880613,15.811388,10.440307,5.0,3.605551,7.28011,11.401754,15.524175,17.262677,20.223748,21.095023,22.022716,22.0,22.022716,20.099751,18.027756,15.0,12.165525,8.944272,8.602325,10.198039
20260626_180449,2026-06-26T09:04:56.570020Z,skeleton,RX2,10.049876,11.0,12.165525,12.165525,13.152946,13.341664,12.369317,11.18034,10.198039,9.055385,7.071068,5.0,4.0,1.0,1.414214,4.472136,7.211103,10.0,12.041595,13.601471,14.764823,14.866069,13.341664,12.0,11.045361,8.544004,18.027756,19.924859,19.646883,19.416488,18.248288,16.278821,13.341664,11.7047,10.29563,9.219544,10.29563,10.77033,12.165525,13.152946,13.152946,14.142136,14.142136,14.035669,14.035669,13.0,13.0,12.041595,10.198039,8.944272,8.602325,8.602325
20260626_180449,2026-06-26T09:04:56.595650Z,skeleton,RX3,10.0,11.7047,13.152946,15.033296,16.0,17.0,17.0,17.0,16.03122,14.035669,13.038405,12.041595,11.0,9.0,8.062258,7.28011,8.062258,7.81025,7.81025,8.062258,8.062258,7.615773,7.28011,6.082763,5.0,5.09902,17.804494,20.0,21.633308,21.954498,21.470911,19.697716,17.088007,13.928388,10.440307,7.615773,4.242641,3.162278,4.472136,5.830952,8.062258,9.848858,11.7047,13.601471,15.297059,16.124515,17.029386,18.0,17.0,16.0,14.035669,11.401754
20260626_180449,2026-06-26T09:04:56.625602Z,skeleton,RX1,18.867962,16.124515,13.0,9.219544,8.062258,6.708204,7.071068,8.062258,7.615773,7.28011,8.246211,8.062258,7.0,7.071068,6.708204,7.211103,8.485281,9.219544,9.433981,9.433981,10.29563,8.944272,7.615773,7.28011,5.0,5.09902,5.0,4.472136,7.211103,12.529964,17.0,21.095023,24.413111,26.248809,26.907248,26.907248,25.0,21.633308,18.35756,14.764823,10.816654,7.071068,4.472136,4.472136,7.81025,11.661904,15.652476,19.235384,21.470911,24.186773,24.186773,23.853721
20260626_180449,2026-06-26T09:04:56.655384Z,skeleton,RX2,11.401754,13.0,14.317821,14.764823,15.652476,15.264338,14.764823,13.892444,12.529964,10.29563,8.944272,6.708204,4.472136,2.236068,2.828427,5.385165,8.544004,11.661904,14.422205,16.278821,17.804494,18.027756,16.552945,15.524175,13.038405,10.198039,20.0,21.633308,22.825424,22.36068,20.615528,18.788294,15.652476,13.038405,10.630146,10.29563,10.198039,12.041595,13.038405,13.038405,14.142136,15.132746,15.297059,15.297059,15.297059,14.317821,13.601471,13.0,10.816654,9.219544,8.602325,9.219544
20260626_180449,2026-06-26T09:04:56.686767Z,skeleton,RX3,30.083218,27.892651,25.96151,21.84033,18.439089,14.317821,11.0,8.246211,8.062258,8.485281,10.0,11.18034,12.529964,13.416408,14.317821,14.764823,15.652476,15.231546,14.317821,13.928388,12.649111,12.369317,12.041595,11.0,10.0,9.0,13.152946,8.062258,4.472136,3.605551,8.602325,12.206556,17.204651,19.209373,21.213203,22.022716,20.808652,20.59126,18.384776,16.763055,14.317821,12.165525,11.045361,9.055385,7.615773,7.071068,8.544004,12.165525,17.262677,21.095023,25.317978,28.442925
20260626_180449,2026-06-26T09:04:56.716716Z,skeleton,RX1,20.248457,16.643317,13.601471,11.401754,8.944272,8.062258,8.246211,7.615773,8.062258,8.602325,8.485281,7.81025,7.211103,6.708204,7.071068,7.0,7.071068,8.544004,8.944272,9.433981,8.944272,8.062258,7.211103,5.656854,4.472136,3.0,4.0,2.0,6.708204,10.816654,16.124515,20.124612,23.769729,25.298221,26.925824,25.317978,24.083189,21.0,17.029386,14.035669,10.0,6.082763,2.828427,5.09902,8.944272,12.206556,16.401219,20.0,23.021729,24.698178,25.553865,24.186773
20260626_180449,2026-06-26T09:04:56.745303Z,skeleton,RX2,10.29563,12.041595,12.727922,14.21267,14.21267,14.21267,14.21267,12.806248,12.041595,10.630146,8.485281,6.403124,3.605551,1.414214,2.236068,5.385165,8.246211,11.18034,14.0,16.124515,17.720045,17.464249,16.124515,14.866069,12.806248,9.848858,20.615528,22.627417,24.041631,22.671568,22.022716,19.209373,16.278821,13.453624,11.18034,11.18034,11.0,12.165525,13.601471,14.866069,15.231546,16.552945,16.552945,16.552945,15.652476,16.124515,14.422205,13.601471,12.041595,10.0,9.486833,9.055385
20260626_180449,2026-06-26T09:04:56.776609Z,skeleton,RX3,8.246211,9.219544,11.313708,13.601471,15.264338,15.264338,15.264338,14.422205,13.601471,12.206556,11.401754,10.0,8.062258,6.708204,6.324555,6.082763,6.082763,6.324555,7.211103,6.403124,7.81025,7.211103,6.708204,6.324555,5.09902,5.0,19.646883,20.880613,24.351591,23.769729,23.259407,20.59126,18.35756,15.264338,11.661904,8.062258,5.385165,3.162278,3.605551,5.385165,7.28011,8.544004,10.29563,13.038405,14.422205,15.620499,16.278821,16.970563,16.278821,14.866069,13.453624,10.29563
20260626_180449,2026-06-26T09:04:56.807014Z,skeleton,RX1,15.132746,18.11077,19.104973,18.248288,18.11077,16.124515,14.035669,12.0,10.049876,8.246211,7.615773,7.81025,7.81025,8.062258,7.615773,7.28011,7.071068,7.0,6.082763,6.708204,6.403124,7.81025,8.944272,9.848858,9.848858,9.848858,23.4094,25.495098,25.942244,26.07681,24.207437,20.518285,16.278821,10.630146,5.656854,2.236068,6.082763,10.198039,14.142136,16.492423,18.681542,20.248457,20.615528,20.124612,20.124612,19.235384,17.0,14.317821,10.77033,8.0,7.211103,8.944272
20260626_180449,2026-06-26T09:04:56.835221Z,skeleton,RX2,17.464249,15.524175,13.341664,11.18034,8.062258,6.082763,4.242641,4.472136,6.082763,8.0,10.0,11.0,13.038405,13.152946,14.317821,13.928388,13.416408,11.401754,9.219544,6.708204,3.0,2.0,5.0,8.062258,10.440307,12.041595,11.18034,11.401754,13.0,16.124515,18.439089,21.587033,23.345235,24.186773,24.083189,23.021729,21.0,19.026298,16.03122,14.0,12.041595,10.440307,8.944272,9.899495,10.0,12.083046,13.928388,15.524175,17.464249,18.439089,19.416488,19.416488
20260626_180449,2026-06-26T09:04:56.865392Z,skeleton,RX3,8.544004,10.630146,12.806248,14.422205,16.124515,16.124515,16.124515,15.264338,14.422205,13.601471,12.206556,10.816654,9.433981,8.062258,7.28011,7.071068,7.0,6.324555,6.708204,7.211103,7.81025,7.071068,6.403124,5.830952,5.09902,4.0,18.027756,21.0,22.022716,22.090722,22.203603,20.396078,17.464249,14.56022,10.440307,7.28011,5.0,3.605551,4.123106,6.082763,8.062258,10.198039,11.401754,13.601471,15.231546,16.124515,16.643317,17.204651,17.204651,15.811388,13.892444,10.440307
20260626_180449,2026-06-26T09:04:56.898729Z,skeleton,RX1,12.206556,14.422205,15.0,15.0,14.422205,12.806248,11.401754,9.899495,7.81025,7.211103,6.324555,6.082763,6.0,6.082763,6.324555,5.385165,5.830952,5.0,4.242641,4.123106,5.0,5.09902,6.324555,6.708204,6.708204,6.708204,17.464249,18.973666,19.646883,19.235384,18.027756,15.0,12.041595,8.062258,4.0,2.0,5.0,8.602325,10.816654,13.038405,14.764823,15.652476,16.155494,16.155494,15.811388,14.56022,13.601471,10.77033,8.062258,6.403124,6.082763,7.615773
20260626_180449,2026-06-26T09:04:56.925554Z,skeleton,RX2,19.104973,17.117243,14.142136,11.045361,8.0,6.324555,4.242641,5.09902,7.0,8.246211,10.198039,12.165525,13.038405,15.0,15.033296,15.297059,13.928388,12.529964,10.630146,7.211103,4.0,2.236068,5.0,7.81025,9.848858,12.369317,12.083046,12.165525,14.035669,16.492423,20.248457,22.135944,25.0,25.0,25.495098,24.33105,22.090722,20.099751,17.117243,15.132746,12.369317,10.77033,9.433981,9.899495,10.816654,13.0,14.56022,16.278821,18.11077,20.099751,21.095023,21.095023
20260626_180449,2026-06-26T09:04:56.956142Z,skeleton,RX3,28.653098,26.832816,24.596748,21.023796,17.0,13.038405,9.899495,7.211103,7.28011,8.062258,9.486833,10.77033,12.083046,13.0,13.928388,14.866069,14.866069,15.231546,14.317821,13.416408,12.206556,12.206556,11.313708,10.630146,10.0,8.602325,13.453624,8.485281,4.242641,3.162278,7.0,12.041595,16.0,19.026298,20.223748,20.396078,20.880613,19.313208,17.0,15.811388,13.453624,12.727922,9.899495,8.485281,6.403124,6.0,8.544004,11.661904,16.401219,20.808652,24.413111,27.45906
20260626_180449,2026-06-26T09:04:56.987132Z,skeleton,RX1,14.035669,16.03122,18.027756,17.029386,16.03122,15.0,13.038405,11.045361,9.219544,7.615773,5.830952,5.830952,5.385165,6.082763,6.082763,6.082763,6.324555,6.324555,5.830952,6.403124,6.324555,8.062258,9.0,10.0,10.049876,10.049876,22.847319,25.059928,26.07681,26.400758,24.083189,21.213203,16.278821,10.630146,5.656854,3.162278,6.324555,11.18034,14.317821,17.464249,18.973666,20.248457,21.540659,21.931712,21.470911,20.124612,17.888544,15.652476,11.7047,9.055385,6.708204,8.062258
20260626_180449,2026-06-26T09:04:57.021394Z,skeleton,RX2,10.440307,11.045361,13.038405,14.0,14.035669,14.035669,14.035669,13.038405,11.0,10.0,8.0,6.0,3.0,1.0,2.828427,7.071068,9.899495,12.806248,15.264338,17.464249,18.681542,18.248288,17.0,15.132746,13.601471,10.29563,22.090722,24.020824,25.0,24.020824,23.086793,20.099751,18.027756,15.033296,12.369317,11.661904,12.041595,12.806248,13.892444,13.892444,15.652476,15.652476,15.652476,15.231546,15.231546,14.866069,13.601471,12.369317,12.041595,9.219544,8.544004,8.485281
20260626_180449,2026-06-26T09:04:57.047087Z,skeleton,RX3,30.016662,28.301943,24.698178,21.633308,17.492856,13.416408,10.440307,9.0,8.246211,8.602325,10.630146,11.313708,12.041595,13.453624,14.142136,14.866069,14.866069,14.866069,14.21267,13.601471,13.038405,12.083046,11.7047,10.440307,10.440307,9.219544,13.152946,9.055385,4.123106,3.162278,7.81025,12.806248,16.401219,19.416488,21.470911,21.931712,21.18962,19.416488,18.11077,16.03122,14.035669,13.152946,10.198039,8.062258,7.071068,6.403124,8.602325,12.529964,17.464249,21.931712,25.495098,28.178006
20260626_180449,2026-06-26T09:04:57.078117Z,skeleton,RX1,21.540659,18.027756,14.317821,11.045361,8.246211,7.211103,7.211103,7.615773,8.246211,8.062258,8.0,8.0,7.071068,6.324555,7.211103,7.071068,7.211103,8.944272,9.486833,9.486833,9.219544,9.055385,8.0,7.071068,5.09902,3.605551,4.242641,3.162278,6.708204,11.7047,17.088007,21.023796,25.059928,27.45906,27.802878,26.907248,25.495098,22.803509,18.601075,14.422205,11.401754,7.071068,4.123106,4.242641,8.944272,12.649111,16.763055,20.880613,24.041631,25.632011,26.570661,26.0
20260626_180449,2026-06-26T09:04:57.105347Z,skeleton,RX2,18.248288,16.124515,14.142136,11.401754,8.544004,6.403124,5.830952,6.0,8.062258,9.486833,11.401754,12.369317,14.317821,15.132746,16.0,15.033296,14.56022,13.0,10.29563,7.071068,3.162278,1.0,4.242641,6.708204,10.440307,12.165525,12.0,11.401754,13.416408,16.401219,19.104973,22.022716,24.207437,25.0,24.698178,22.825424,21.023796,18.788294,16.552945,13.416408,11.661904,10.630146,9.433981,9.486833,11.18034,13.038405,14.035669,16.124515,18.248288,20.223748,20.396078,21.377558
20260626_180449,2026-06-26T09:04:57.135294Z,skeleton,RX3,8.0,9.486833,11.661904,13.601471,14.866069,14.866069,15.620499,14.21267,14.21267,12.206556,11.401754,10.0,9.219544,7.071068,6.403124,6.708204,6.082763,6.0,7.071068,7.28011,7.615773,7.211103,6.403124,6.403124,5.830952,5.385165,18.384776,19.697716,22.36068,21.954498,21.633308,20.0,17.804494,14.21267,10.630146,7.81025,4.472136,3.0,3.605551,5.0,7.211103,9.433981,10.630146,12.727922,14.142136,15.620499,15.811388,16.643317,16.124515,14.422205,12.206556,9.899495
20260626_180449,2026-06-26T09:04:57.166008Z,skeleton,RX1,18.867962,15.652476,11.7047,10.049876,7.28011,6.403124,7.211103,8.544004,9.486833,9.219544,9.055385,9.055385,8.0,8.246211,8.544004,8.062258,8.485281,9.219544,10.0,10.816654,10.29563,9.848858,8.544004,7.28011,6.082763,5.0,5.656854,4.0,6.403124,10.816654,16.643317,20.248457,24.207437,25.495098,26.907248,26.400758,23.853721,21.954498,17.888544,14.317821,9.848858,6.708204,3.605551,3.605551,6.708204,11.18034,15.231546,18.788294,22.36068,23.706539,24.596748,22.825424
20260626_180449,2026-06-26T09:04:57.195677Z,skeleton,RX2,17.492856,15.264338,12.529964,9.848858,7.28011,5.0,4.242641,5.385165,7.071068,10.198039,11.18034,13.341664,14.56022,14.866069,16.552945,15.264338,14.21267,12.041595,9.433981,6.324555,2.0,2.236068,6.082763,9.055385,12.165525,13.601471,12.206556,11.401754,13.416408,15.524175,19.235384,21.213203,24.515301,24.738634,25.0,23.4094,21.931712,18.788294,16.552945,13.416408,10.440307,10.049876,9.055385,8.544004,9.433981,11.313708,13.601471,15.264338,17.492856,18.867962,19.723083,19.723083
20260626_180449,2026-06-26T09:04:57.225393Z,skeleton,RX3,29.068884,27.802878,25.612497,21.400935,17.804494,13.453624,10.816654,8.544004,8.0,8.246211,10.77033,11.18034,12.529964,14.317821,14.317821,15.652476,15.231546,15.652476,14.764823,14.422205,13.601471,12.806248,12.041595,11.401754,10.816654,10.0,12.083046,8.544004,3.162278,3.0,7.615773,12.083046,16.155494,18.027756,19.646883,20.223748,20.024984,19.026298,17.262677,15.524175,13.928388,12.083046,10.29563,7.615773,6.082763,6.082763,8.602325,12.727922,17.029386,21.260292,24.758837,27.586228
20260626_180449,2026-06-26T09:04:57.258085Z,skeleton,RX1,19.104973,16.401219,13.038405,9.486833,9.0,8.246211,8.062258,8.485281,9.219544,9.433981,8.944272,8.544004,8.246211,8.062258,8.0,7.28011,8.544004,8.062258,9.433981,9.219544,9.219544,9.219544,8.485281,6.403124,4.472136,4.123106,4.472136,3.0,5.656854,10.630146,16.278821,19.79899,23.430749,25.0,25.553865,25.495098,23.769729,20.880613,17.464249,13.341664,9.219544,6.324555,2.236068,3.605551,7.81025,12.206556,15.811388,20.0,22.803509,24.207437,25.495098,23.345235
20260626_180449,2026-06-26T09:04:57.285696Z,skeleton,RX2,7.81025,9.219544,10.29563,11.18034,11.18034,11.18034,11.18034,10.29563,8.944272,8.062258,6.708204,4.472136,2.828427,2.236068,5.830952,7.615773,10.440307,13.341664,15.033296,15.033296,15.297059,14.866069,13.416408,11.401754,8.485281,18.027756,20.615528,21.260292,20.518285,19.79899,18.384776,14.866069,12.806248,10.77033,10.198039,10.049876,11.18034,11.7047,12.083046,13.416408,13.416408,13.892444,13.038405,13.038405,12.206556,12.806248,10.630146,10.0,8.062258,7.28011,7.071068,20.1693055
20260626_180449,2026-06-26T09:04:57.315215Z,skeleton,RX3,27.802878,27.202941,23.600847,20.808652,16.401219,13.453624,9.219544,7.28011,7.0,7.28011,8.944272,10.0,11.401754,12.806248,13.601471,13.601471,14.21267,14.21267,12.727922,12.727922,12.206556,10.816654,11.18034,10.77033,9.486833,8.544004,14.142136,9.219544,5.385165,3.605551,8.062258,12.041595,16.03122,19.0,20.024984,21.213203,20.615528,19.313208,18.788294,16.643317,15.0,12.806248,10.630146,9.219544,7.211103,6.0,7.615773,11.401754,15.620499,20.518285,24.083189,27.018512
20260626_180449,2026-06-26T09:04:57.345588Z,skeleton,RX1,15.264338,17.0,18.35756,17.888544,17.0,15.652476,13.416408,11.7047,9.486833,8.062258,7.0,6.324555,5.830952,5.656854,6.403124,6.708204,6.324555,6.082763,6.0,6.324555,7.211103,8.485281,10.0,10.0,10.0,10.0,23.853721,25.612497,26.907248,26.172505,24.207437,20.808652,16.643317,10.816654,5.656854,4.123106,7.211103,11.661904,14.764823,17.492856,20.248457,21.400935,22.022716,22.671568,21.931712,19.79899,18.384776,14.866069,12.206556,9.486833,8.062258,9.219544
20260626_180449,2026-06-26T09:04:57.379719Z,skeleton,RX2,18.439089,17.464249,14.317821,11.401754,8.544004,6.403124,5.385165,6.0,7.28011,8.944272,11.18034,13.0,13.928388,14.56022,16.278821,15.033296,15.033296,12.369317,10.77033,7.211103,3.605551,2.236068,4.472136,7.81025,10.816654,12.083046,12.041595,11.18034,13.416408,15.811388,19.209373,22.022716,23.600847,25.238859,24.698178,23.706539,21.931712,19.313208,16.155494,14.317821,11.661904,10.630146,9.433981,9.486833,10.198039,12.0,14.142136,16.278821,18.439089,19.416488,20.615528,20.615528
20260626_180449,2026-06-26T09:04:57.405184Z,skeleton,RX3,28.635642,26.683328,25.0,21.84033,17.720045,13.341664,10.049876,8.062258,7.211103,7.071068,8.602325,9.433981,11.18034,12.083046,13.416408,13.416408,13.416408,14.317821,13.0,12.649111,12.369317,11.18034,11.0,11.0,10.049876,9.055385,13.0,8.944272,5.0,3.162278,6.403124,10.816654,14.764823,17.204651,19.209373,19.79899,19.849433,18.867962,17.888544,16.155494,14.56022,13.152946,11.18034,9.219544,7.615773,7.071068,7.615773,11.18034,16.124515,20.099751,23.194827,27.294688
20260626_180449,2026-06-26T09:04:57.435089Z,skeleton,RX1,10.630146,12.041595,13.453624,13.453624,12.727922,11.313708,10.0,8.602325,6.708204,5.09902,5.0,5.09902,4.472136,5.0,5.656854,5.0,5.830952,5.385165,5.09902,5.09902,6.324555,6.708204,7.211103,8.602325,7.81025,7.81025,18.601075,19.723083,20.124612,20.615528,18.973666,16.492423,13.152946,9.219544,5.385165,3.162278,4.472136,7.81025,10.630146,12.806248,14.422205,15.264338,16.124515,16.552945,16.552945,15.231546,13.928388,12.083046,9.433981,7.071068,5.09902,6.324555
20260626_180449,2026-06-26T09:04:57.465947Z,skeleton,RX2,18.027756,16.03122,14.035669,11.045361,8.062258,5.385165,3.605551,5.0,6.082763,7.615773,9.486833,11.7047,12.369317,13.152946,14.035669,14.035669,13.341664,11.7047,9.433981,5.656854,3.0,3.0,5.830952,7.81025,10.29563,11.7047,12.165525,12.041595,13.601471,16.552945,19.723083,21.954498,24.186773,24.596748,24.166092,23.4094,22.135944,19.646883,16.763055,14.56022,12.083046,10.816654,9.899495,9.433981,10.77033,12.165525,14.035669,16.0,17.029386,19.026298,20.024984,20.024984
20260626_180449,2026-06-26T09:04:57.496576Z,skeleton,RX3,9.899495,11.18034,13.601471,14.317821,16.124515,17.117243,16.124515,16.124515,14.317821,13.341664,12.369317,11.18034,10.198039,9.055385,8.0,7.071068,6.324555,7.211103,7.071068,7.81025,7.211103,7.211103,6.324555,6.082763,5.0,4.0,18.35756,21.023796,21.931712,22.472205,22.135944,20.615528,17.464249,14.317821,10.198039,7.28011,4.472136,3.162278,5.09902,6.324555,8.544004,9.486833,11.401754,13.152946,15.033296,16.0,17.117243,17.117243,16.278821,15.132746,14.035669,11.045361
20260626_180449,2026-06-26T09:04:57.525864Z,skeleton,RX1,15.231546,16.155494,17.464249,17.088007,16.155494,14.866069,12.649111,11.401754,9.055385,8.062258,7.28011,6.708204,6.403124,6.403124,7.211103,8.062258,7.615773,7.071068,7.0,7.28011,8.062258,8.602325,9.219544,9.899495,11.313708,10.630146,24.351591,26.0,27.294688,26.07681,25.0,21.260292,16.970563,12.041595,6.403124,4.123106,6.708204,10.77033,13.928388,16.155494,18.788294,20.59126,21.095023,21.633308,21.400935,19.209373,17.804494,15.0,11.18034,8.246211,7.28011,9.219544
20260626_180449,2026-06-26T09:04:57.528407Z,skeleton,RX1,19.646883,16.763055,13.928388,10.816654,9.219544,8.544004,8.062258,8.062258,9.219544,8.544004,8.544004,8.062258,8.062258,7.81025,7.211103,7.615773,7.28011,9.055385,9.0,10.0,9.0,8.062258,7.071068,6.324555,4.472136,4.242641,4.0,3.162278,6.324555,10.77033,16.155494,19.924859,23.537205,25.317978,26.07681,25.019992,23.086793,20.223748,17.464249,13.601471,10.198039,6.0,3.605551,5.0,8.246211,12.649111,16.155494,19.924859,22.135944,24.041631,24.738634,24.738634
20260626_180449,2026-06-26T09:04:57.528655Z,skeleton,RX3,29.068884,28.017851,25.0,22.022716,18.0,14.035669,10.198039,8.062258,7.071068,7.615773,8.246211,10.198039,11.18034,12.041595,13.152946,13.038405,14.035669,14.035669,13.0,12.0,11.045361,11.18034,10.440307,8.944272,8.944272,8.062258,13.0,8.944272,4.242641,3.605551,8.544004,13.0,16.552945,20.124612,21.954498,22.203603,22.022716,21.213203,19.209373,17.492856,15.652476,13.928388,12.083046,9.848858,7.81025,7.211103,9.219544,13.038405,17.117243,21.213203,25.179357,28.284271
20260626_180449,2026-06-26T09:04:57.529540Z,skeleton,RX2,17.804494,15.620499,12.806248,10.0,7.211103,5.09902,3.162278,3.605551,6.324555,8.246211,10.198039,11.401754,12.649111,13.416408,13.892444,14.21267,13.453624,11.661904,8.544004,5.0,2.828427,2.828427,6.324555,9.055385,11.045361,12.649111,12.806248,12.041595,13.416408,15.811388,19.416488,21.587033,23.537205,24.738634,24.351591,23.769729,21.931712,20.124612,17.0,14.317821,11.7047,11.18034,10.0,9.219544,10.29563,11.401754,13.453624,15.620499,17.204651,18.601075,19.416488,19.416488
20260626_180449,2026-06-26T09:04:57.555236Z,skeleton,RX2,17.888544,15.652476,13.416408,10.29563,7.81025,5.0,5.0,5.830952,7.81025,9.219544,11.313708,12.727922,14.21267,15.0,16.124515,16.155494,14.56022,13.038405,10.049876,6.324555,2.828427,2.0,5.385165,8.062258,11.401754,12.806248,12.041595,11.18034,12.083046,15.0,17.691806,20.518285,22.671568,23.430749,23.600847,22.472205,20.59126,18.35756,16.124515,13.892444,11.401754,9.899495,8.062258,8.246211,9.0,11.18034,12.649111,15.231546,16.552945,17.888544,20.124612,20.124612
20260626_180449,2026-06-26T09:04:57.585550Z,skeleton,RX3,28.301943,27.784888,25.059928,21.470911,17.492856,13.038405,10.630146,7.81025,7.071068,7.071068,8.544004,9.848858,10.29563,12.083046,12.529964,13.416408,13.416408,13.416408,13.038405,12.206556,11.401754,11.313708,10.0,9.433981,8.062258,7.615773,12.806248,8.602325,4.123106,3.605551,8.0,13.0,17.029386,19.0,21.095023,21.377558,21.587033,20.248457,18.788294,17.492856,15.811388,13.453624,12.041595,9.219544,8.062258,7.071068,8.544004,11.661904,15.811388,20.615528,24.413111,27.202941
20260626_180449,2026-06-26T09:04:57.615314Z,skeleton,RX1,11.401754,12.806248,13.453624,13.453624,13.453624,12.041595,9.899495,8.485281,7.211103,5.385165,5.09902,5.0,5.09902,5.385165,5.0,5.656854,5.0,5.830952,5.09902,6.0,6.082763,7.28011,7.615773,8.944272,8.944272,8.944272,18.601075,20.248457,21.470911,20.615528,18.973666,16.492423,13.341664,9.219544,5.385165,3.162278,5.830952,8.602325,11.401754,13.601471,15.264338,16.124515,17.0,16.552945,17.464249,16.155494,13.928388,12.083046,9.433981,7.071068,6.324555,6.324555
20260626_180449,2026-06-26T09:04:57.645243Z,skeleton,RX2,9.899495,10.816654,11.661904,12.529964,13.416408,13.0,12.083046,11.18034,10.77033,8.944272,8.062258,5.830952,3.605551,2.236068,1.0,4.472136,7.28011,9.219544,12.041595,14.035669,14.142136,14.866069,13.416408,12.806248,10.630146,8.062258,17.088007,18.788294,19.235384,19.723083,18.027756,16.643317,13.892444,12.083046,10.198039,9.055385,9.486833,10.29563,11.401754,11.401754,12.806248,13.453624,13.453624,13.453624,12.727922,12.806248,12.206556,11.661904,10.29563,9.486833,8.0,8.246211
20260626_180449,2026-06-26T09:04:57.681920Z,skeleton,RX3,9.219544,10.29563,13.0,14.56022,15.524175,16.492423,16.492423,15.811388,14.56022,13.601471,12.369317,11.18034,9.219544,8.062258,8.0,7.071068,6.708204,7.211103,7.071068,7.211103,8.062258,7.615773,7.28011,7.071068,6.0,5.09902,18.027756,21.023796,22.203603,23.345235,22.561028,20.615528,17.088007,13.928388,9.848858,6.708204,4.123106,2.236068,3.0,5.0,7.071068,9.0,11.045361,12.165525,13.341664,14.866069,15.652476,15.652476,15.652476,14.317821,11.7047,10.198039
20260626_180449,2026-06-26T09:04:57.705784Z,skeleton,RX1,11.661904,13.038405,14.422205,14.422205,13.038405,12.206556,10.816654,9.219544,8.485281,6.403124,5.830952,5.09902,5.0,5.09902,5.385165,4.472136,5.0,4.242641,4.472136,5.09902,5.09902,6.324555,6.708204,7.211103,8.062258,8.062258,18.35756,19.697716,20.248457,19.646883,19.235384,16.124515,13.038405,9.055385,4.123106,3.0,5.830952,9.433981,12.206556,13.892444,15.264338,17.0,17.464249,18.027756,17.088007,15.811388,14.866069,12.649111,10.29563,7.81025,6.324555,7.071068
20260626_180449,2026-06-26T09:04:57.736195Z,skeleton,RX2,10.0,11.313708,12.206556,13.892444,13.892444,13.892444,13.892444,11.661904,10.816654,9.433981,7.81025,5.0,2.828427,1.0,3.162278,6.324555,10.198039,13.038405,16.0,17.262677,18.681542,17.888544,17.204651,15.556349,12.806248,9.848858,22.135944,23.769729,25.495098,25.059928,24.186773,21.954498,19.235384,15.231546,13.341664,12.0,12.165525,13.928388,13.892444,15.264338,15.811388,15.811388,16.401219,16.401219,16.401219,15.620499,14.866069,13.453624,12.806248,10.29563,9.486833,8.062258
20260626_180449,2026-06-26T09:04:57.765609Z,skeleton,RX3,29.12044,27.513633,24.698178,22.135944,16.763055,13.341664,10.049876,8.062258,6.708204,7.81025,8.944272,9.848858,10.77033,11.7047,13.0,13.0,13.928388,13.928388,13.601471,12.369317,12.165525,12.041595,11.0,10.049876,9.219544,8.246211,14.0,10.049876,5.385165,4.0,8.602325,12.727922,16.278821,19.209373,20.808652,21.954498,21.023796,20.248457,19.646883,17.262677,16.03122,14.035669,12.041595,10.0,8.062258,7.211103,8.602325,11.7047,15.524175,20.396078,24.515301,27.892651
20260626_180449,2026-06-26T09:04:57.795113Z,skeleton,RX1,19.209373,15.0,11.661904,9.486833,7.071068,6.708204,7.071068,8.602325,8.944272,8.544004,8.544004,8.246211,8.062258,8.0,8.246211,8.544004,9.433981,10.0,10.630146,10.630146,10.630146,9.219544,8.602325,7.211103,6.324555,5.09902,5.0,4.0,6.403124,11.401754,16.401219,19.849433,24.041631,26.248809,27.202941,26.07681,24.596748,21.931712,18.027756,14.56022,10.440307,7.615773,2.828427,3.605551,7.071068,10.816654,15.264338,18.867962,21.633308,23.600847,24.207437,23.430749
20260626_180449,2026-06-26T09:04:57.825459Z,skeleton,RX2,17.029386,15.033296,13.038405,10.0,7.071068,4.472136,3.605551,4.0,6.324555,7.615773,9.848858,11.7047,12.649111,14.317821,14.035669,14.035669,13.341664,11.7047,8.062258,5.0,2.0,3.162278,6.403124,9.219544,11.661904,13.601471,13.0,12.165525,13.038405,15.524175,18.027756,21.18962,23.086793,24.041631,24.515301,23.345235,22.203603,19.104973,16.03122,14.142136,12.165525,10.440307,9.433981,9.219544,10.29563,11.7047,13.341664,15.132746,16.03122,18.027756,19.0,19.0
20260626_180449,2026-06-26T09:04:57.855394Z,skeleton,RX3,28.0,27.0,24.020824,21.023796,17.0,13.038405,9.055385,7.615773,6.403124,7.615773,8.246211,10.049876,11.045361,12.041595,13.038405,13.038405,14.035669,13.038405,13.0,13.038405,12.041595,11.401754,10.440307,9.848858,8.944272,8.062258,13.0,9.848858,5.656854,3.162278,7.211103,11.661904,16.124515,18.867962,20.808652,21.260292,19.79899,20.0,18.027756,17.0,14.866069,13.601471,11.401754,9.486833,7.615773,6.403124,8.246211,11.0,16.03122,20.099751,23.086793,27.018512
20260626_180449,2026-06-26T09:04:57.885128Z,skeleton,RX1,11.045361,13.038405,13.152946,14.142136,13.038405,11.045361,10.198039,8.246211,7.615773,6.403124,5.656854,5.830952,5.385165,6.082763,6.0,6.0,6.082763,5.385165,5.830952,5.656854,6.708204,6.708204,7.28011,8.246211,8.062258,8.062258,18.11077,20.396078,20.880613,20.248457,18.788294,17.0,13.038405,9.433981,5.385165,2.236068,5.09902,8.0,11.0,13.038405,14.142136,15.297059,16.278821,16.492423,15.811388,14.866069,13.601471,11.401754,9.055385,6.082763,5.0,7.28011
20260626_180449,2026-06-26T09:04:57.915719Z,skeleton,RX2,18.35756,16.124515,13.892444,10.29563,7.81025,5.0,4.0,4.472136,5.656854,7.81025,10.0,11.401754,12.727922,14.21267,14.422205,14.317821,13.601471,12.041595,9.055385,5.830952,2.236068,3.162278,6.082763,9.486833,11.661904,12.727922,12.649111,12.529964,14.142136,16.401219,18.867962,22.472205,23.853721,25.0,24.839485,24.083189,21.931712,19.79899,16.970563,14.866069,12.806248,10.29563,10.440307,10.049876,11.045361,11.401754,13.928388,15.652476,17.492856,18.867962,20.248457,20.248457
20260626_180449,2026-06-26T09:04:57.950084Z,skeleton,RX3,8.246211,8.602325,11.401754,13.601471,15.264338,15.264338,15.264338,14.422205,13.601471,12.206556,11.401754,9.433981,9.433981,8.062258,6.324555,6.082763,6.082763,6.324555,6.708204,7.071068,7.071068,7.211103,6.708204,6.324555,6.082763,5.0,19.416488,21.587033,23.086793,24.351591,22.847319,21.023796,18.35756,15.264338,11.661904,8.062258,5.09902,3.162278,3.605551,5.385165,7.28011,8.544004,11.18034,12.529964,14.422205,15.811388,16.278821,16.970563,16.278821,14.866069,12.806248,10.29563
20260626_180449,2026-06-26T09:04:57.975294Z,skeleton,RX1,19.313208,15.811388,11.18034,10.0,7.615773,7.071068,8.062258,8.246211,9.055385,9.055385,9.0,9.055385,8.246211,7.615773,8.602325,8.485281,8.602325,10.0,10.29563,11.18034,10.77033,9.486833,8.246211,7.071068,6.0,5.09902,5.656854,4.0,6.403124,11.18034,15.652476,20.124612,23.323808,25.806976,26.400758,26.172505,24.839485,22.203603,18.027756,14.422205,10.816654,7.211103,3.605551,2.828427,6.324555,10.440307,14.56022,18.681542,21.84033,23.086793,24.351591,23.4094
20260626_180449,2026-06-26T09:04:58.005260Z,skeleton,RX2,10.816654,12.806248,14.142136,14.866069,14.866069,15.620499,14.21267,13.453624,12.041595,10.630146,8.485281,7.071068,4.242641,2.236068,2.236068,5.0,8.0,11.045361,14.56022,16.155494,17.0,17.804494,16.970563,15.0,13.0,10.198039,20.124612,21.954498,23.600847,22.803509,22.022716,19.209373,17.204651,13.892444,11.7047,11.045361,11.18034,12.649111,13.416408,13.892444,14.764823,15.264338,15.264338,15.811388,15.811388,15.0,14.866069,13.453624,12.806248,11.18034,9.486833,10.0
20260626_180449,2026-06-26T09:04:58.035775Z,skeleton,RX3,28.79236,28.79236,25.298221,23.086793,18.973666,15.231546,11.661904,9.219544,8.602325,8.544004,10.049876,11.045361,12.0,13.0,14.0,15.0,15.0,15.0,15.0,14.035669,13.152946,12.369317,11.7047,10.77033,11.18034,9.848858,11.18034,7.615773,4.0,3.162278,7.071068,11.18034,15.132746,18.027756,19.0,20.099751,19.416488,18.973666,17.464249,16.124515,14.422205,12.806248,10.630146,10.0,7.615773,7.071068,9.219544,12.083046,16.552945,20.59126,24.596748,27.730849
20260626_180449,2026-06-26T09:04:58.065336Z,skeleton,RX1,18.788294,15.231546,12.649111,9.055385,8.062258,7.211103,7.211103,7.615773,8.246211,8.062258,8.062258,8.062258,7.071068,7.615773,7.211103,7.071068,8.602325,9.433981,9.848858,9.848858,10.77033,9.486833,8.246211,7.071068,6.0,5.385165,4.472136,4.472136,7.211103,12.083046,16.552945,21.931712,25.059928,26.07681,27.202941,26.248809,24.758837,22.022716,18.601075,15.0,11.401754,7.071068,4.123106,5.0,8.062258,12.083046,15.811388,19.313208,21.18962,24.166092,25.079872,23.259407
20260626_180449,2026-06-26T09:04:58.095806Z,skeleton,RX2,17.691806,16.278821,14.142136,10.630146,8.062258,6.324555,5.09902,5.656854,7.211103,9.433981,11.18034,13.038405,14.422205,15.620499,16.278821,16.401219,14.764823,13.0,10.198039,7.0,3.162278,2.236068,5.0,8.246211,10.77033,12.806248,12.083046,11.401754,12.806248,15.652476,18.384776,21.540659,23.769729,24.166092,23.706539,23.323808,21.633308,18.601075,15.811388,13.892444,11.18034,10.440307,9.055385,9.219544,10.77033,11.661904,14.21267,16.278821,16.970563,19.104973,20.518285,20.518285
20260626_180449,2026-06-26T09:04:58.125352Z,skeleton,RX3,28.178006,28.653098,25.553865,21.954498,18.35756,14.317821,10.77033,9.055385,8.246211,8.062258,9.219544,10.630146,11.313708,12.727922,13.453624,14.142136,14.142136,13.453624,14.21267,12.806248,12.206556,12.529964,11.18034,10.440307,9.486833,9.219544,11.045361,7.071068,4.472136,4.123106,7.81025,12.041595,15.556349,18.439089,20.0,20.59126,19.697716,18.973666,17.464249,16.124515,15.0,13.038405,11.045361,9.0,7.28011,7.211103,9.219544,12.083046,16.155494,21.540659,24.698178,27.313001
20260626_180449,2026-06-26T09:04:58.155607Z,skeleton,RX1,18.788294,17.088007,13.341664,10.049876,9.219544,8.062258,7.81025,8.062258,8.544004,9.486833,9.219544,9.055385,8.0,8.062258,7.28011,8.062258,8.602325,9.219544,9.219544,10.0,9.433981,9.433981,8.062258,6.324555,5.09902,4.123106,4.242641,3.162278,5.830952,11.18034,15.652476,19.235384,23.323808,24.413111,26.248809,25.455844,23.430749,20.808652,16.643317,13.892444,9.433981,6.403124,3.162278,4.242641,8.544004,11.7047,15.811388,19.924859,21.540659,23.769729,25.495098,24.596748
20260626_180449,2026-06-26T09:04:58.185536Z,skeleton,RX2,11.313708,12.206556,13.892444,14.317821,15.231546,15.231546,13.928388,13.416408,12.083046,11.18034,9.433981,7.211103,5.0,2.236068,2.0,5.385165,8.544004,11.18034,14.142136,16.03122,17.262677,18.027756,17.0,15.0,12.806248,9.848858,20.615528,22.803509,23.4094,23.769729,21.931712,19.697716,17.088007,14.317821,12.041595,11.18034,11.18034,12.206556,13.601471,14.866069,15.556349,15.556349,16.278821,15.620499,15.620499,15.0,14.422205,13.416408,13.0,11.401754,10.049876,9.219544
20260626_180449,2026-06-26T09:04:58.217072Z,skeleton,RX3,8.062258,9.486833,12.529964,13.038405,15.0,15.811388,15.811388,15.0,14.422205,13.038405,10.816654,10.0,9.219544,8.485281,7.211103,6.708204,6.082763,7.0,7.071068,7.28011,7.615773,8.062258,7.211103,7.071068,6.403124,5.385165,18.439089,21.400935,22.203603,23.021729,22.472205,20.59126,17.888544,14.317821,10.77033,7.615773,4.472136,2.236068,3.605551,5.0,7.071068,8.485281,10.630146,12.206556,13.892444,15.231546,15.811388,15.811388,14.866069,13.601471,12.083046,10.0
20260626_180449,2026-06-26T09:04:58.248746Z,skeleton,RX1,19.416488,17.0,13.0,10.198039,9.055385,7.615773,7.81025,9.219544,9.433981,8.944272,8.944272,9.219544,8.062258,8.0,8.062258,7.28011,8.944272,9.433981,10.0,9.899495,9.899495,9.219544,8.485281,6.403124,5.385165,4.123106,4.242641,3.162278,5.830952,11.18034,15.231546,19.235384,22.472205,25.0,25.495098,24.758837,22.803509,20.808652,17.492856,13.416408,10.29563,5.830952,3.162278,4.242641,8.062258,12.083046,15.231546,19.697716,21.470911,23.706539,24.186773,23.853721
20260626_180449,2026-06-26T09:04:58.275381Z,skeleton,RX2,10.440307,12.165525,14.0,14.035669,15.033296,15.132746,15.132746,14.035669,13.038405,11.0,9.0,7.071068,5.09902,2.0,1.0,4.472136,8.602325,12.041595,14.866069,16.643317,17.888544,17.720045,17.262677,15.0,13.341664,10.29563,21.377558,23.086793,24.020824,24.0,23.0,21.023796,18.0,15.132746,12.649111,12.206556,12.041595,13.038405,14.317821,15.231546,15.811388,16.763055,16.763055,16.763055,16.492423,16.278821,15.132746,15.033296,14.035669,12.165525,10.77033,10.0
20260626_180449,2026-06-26T09:04:58.305847Z,skeleton,RX3,27.202941,26.248809,24.351591,21.18962,17.088007,12.369317,9.219544,7.071068,6.708204,6.403124,8.062258,8.544004,10.77033,11.7047,12.083046,13.0,13.0,13.0,12.649111,12.369317,11.18034,10.049876,10.0,9.055385,9.219544,7.28011,13.0,9.055385,4.472136,4.0,7.81025,12.041595,15.620499,17.804494,20.0,21.095023,21.023796,19.313208,17.720045,16.278821,14.035669,13.0,11.045361,9.0,7.071068,6.403124,8.062258,11.7047,15.297059,19.416488,23.537205,26.683328
20260626_180449,2026-06-26T09:04:58.335808Z,skeleton,RX1,16.155494,18.973666,19.313208,18.973666,18.384776,17.088007,14.56022,12.369317,11.045361,9.055385,8.246211,7.615773,8.062258,7.071068,7.81025,7.211103,6.708204,6.324555,6.0,6.324555,7.211103,7.81025,9.899495,9.899495,10.0,10.630146,23.769729,25.632011,26.832816,26.07681,25.0,21.260292,16.278821,11.313708,5.830952,3.605551,7.28011,12.165525,15.297059,17.720045,20.248457,21.931712,22.36068,22.825424,21.954498,20.248457,18.867962,16.124515,12.649111,9.055385,8.544004,11.401754
20260626_180449,2026-06-26T09:04:58.365819Z,skeleton,RX2,9.433981,11.401754,11.313708,12.806248,13.453624,12.806248,12.806248,12.041595,11.401754,9.899495,8.485281,6.403124,4.242641,1.414214,1.0,4.0,7.0,10.049876,12.165525,14.56022,15.652476,15.811388,14.866069,13.601471,11.18034,9.219544,17.492856,19.209373,20.615528,20.518285,19.104973,16.970563,14.866069,12.206556,9.848858,9.219544,10.049876,10.440307,11.7047,12.083046,13.416408,13.892444,13.892444,13.892444,13.038405,13.601471,12.806248,12.041595,10.630146,9.433981,8.544004,8.0
20260626_180449,2026-06-26T09:04:58.400563Z,skeleton,RX3,27.658633,26.400758,24.207437,21.400935,17.804494,13.453624,9.899495,8.062258,6.082763,6.324555,8.062258,8.602325,10.0,11.401754,12.206556,13.601471,13.601471,13.601471,12.806248,12.727922,11.313708,10.0,9.433981,8.944272,8.544004,7.28011,13.038405,8.602325,4.123106,4.472136,8.0,13.038405,16.124515,19.026298,21.0,21.095023,21.377558,20.615528,18.384776,16.552945,15.264338,13.601471,11.401754,10.0,7.615773,7.0,8.544004,11.401754,16.278821,19.79899,23.345235,26.907248
20260626_180449,2026-06-26T09:04:58.425549Z,skeleton,RX1,15.0,18.027756,18.027756,18.0,17.0,16.03122,14.035669,12.165525,10.198039,8.544004,8.062258,8.485281,7.81025,8.062258,7.615773,7.28011,8.246211,7.0,6.082763,6.708204,7.81025,9.219544,10.0,10.816654,10.29563,9.433981,22.36068,24.083189,25.0,25.079872,23.345235,19.646883,15.811388,10.440307,5.09902,3.605551,6.082763,10.198039,14.317821,16.124515,18.027756,20.0,20.024984,20.099751,20.223748,18.248288,17.117243,14.035669,11.0,8.544004,8.485281,9.486833
20260626_180449,2026-06-26T09:04:58.456452Z,skeleton,RX2,17.0,15.652476,13.416408,9.848858,7.615773,5.09902,3.605551,4.472136,6.324555,9.219544,10.198039,12.165525,13.601471,14.866069,14.764823,15.0,14.142136,12.806248,8.944272,6.324555,2.0,2.828427,6.082763,9.0,11.18034,13.0,12.727922,12.206556,12.649111,15.132746,18.027756,20.024984,22.022716,23.086793,23.345235,22.561028,20.615528,18.681542,15.811388,13.601471,11.18034,10.049876,9.055385,8.544004,9.433981,11.313708,12.206556,14.422205,16.124515,17.888544,18.788294,18.788294
20260626_180449,2026-06-26T09:04:58.485254Z,skeleton,RX3,8.602325,10.29563,13.0,14.56022,16.492423,17.464249,17.464249,16.492423,15.524175,14.56022,12.649111,11.401754,10.440307,9.055385,8.0,8.062258,7.615773,8.062258,7.81025,8.485281,8.602325,8.944272,8.062258,7.28011,7.071068,6.0,17.117243,19.104973,21.023796,22.022716,21.095023,19.235384,16.278821,13.341664,10.440307,6.324555,4.0,1.414214,3.0,5.09902,7.071068,9.055385,11.0,13.038405,13.341664,15.524175,16.155494,16.552945,16.552945,14.317821,12.649111,10.049876
20260626_180449,2026-06-26T09:04:58.516097Z,skeleton,RX1,18.681542,16.492423,13.152946,9.055385,7.615773,7.071068,6.708204,7.28011,8.062258,8.0,8.062258,8.246211,7.28011,6.708204,7.211103,7.81025,8.602325,9.848858,9.486833,10.440307,10.440307,9.486833,8.246211,7.071068,6.082763,5.385165,5.09902,4.242641,7.28011,12.165525,16.124515,21.377558,23.769729,26.248809,26.925824,26.832816,24.698178,22.203603,18.439089,14.866069,10.630146,7.211103,4.123106,4.242641,7.615773,11.18034,15.132746,18.248288,21.213203,23.345235,24.515301,22.803509
20260626_180449,2026-06-26T09:04:58.546027Z,skeleton,RX2,18.027756,15.811388,13.601471,10.440307,7.615773,5.0,3.162278,3.162278,6.403124,8.485281,9.899495,12.041595,13.601471,13.892444,14.317821,14.56022,14.142136,12.041595,9.219544,5.830952,2.236068,3.162278,6.324555,9.433981,12.041595,14.422205,13.038405,13.038405,13.0,15.811388,18.601075,21.400935,23.430749,24.413111,24.698178,23.323808,22.36068,20.124612,16.552945,14.317821,12.529964,10.630146,9.219544,8.944272,10.440307,11.045361,13.038405,14.317821,16.492423,17.720045,18.973666,18.973666
20260626_180449,2026-06-26T09:04:58.575772Z,skeleton,RX3,27.856777,27.202941,24.041631,21.18962,17.088007,13.0,10.29563,8.485281,7.615773,8.0,9.055385,11.18034,12.165525,13.341664,14.317821,14.317821,15.297059,14.317821,14.56022,13.601471,13.0,12.529964,12.206556,11.401754,10.630146,9.899495,12.206556,8.062258,4.242641,2.236068,7.071068,11.045361,14.142136,17.262677,18.681542,19.313208,18.788294,18.027756,16.401219,15.556349,12.806248,12.206556,9.433981,7.81025,5.656854,6.324555,7.071068,10.77033,15.652476,20.124612,23.259407,26.400758
20260626_180449,2026-06-26T09:04:58.605622Z,skeleton,RX1,15.264338,17.492856,18.35756,17.492856,17.492856,14.764823,13.416408,11.18034,9.486833,8.246211,7.0,6.324555,6.708204,6.403124,6.403124,6.403124,5.830952,6.324555,6.0,6.082763,6.708204,8.602325,9.219544,10.630146,9.899495,9.899495,22.847319,25.059928,26.07681,26.400758,24.083189,20.518285,16.278821,10.630146,5.830952,4.472136,7.211103,11.18034,15.231546,17.888544,19.723083,21.095023,22.203603,22.022716,21.260292,20.518285,18.439089,15.620499,12.206556,9.486833,8.246211,9.219544
20260626_180449,2026-06-26T09:04:58.635407Z,skeleton,RX2,10.198039,10.77033,11.661904,12.206556,12.806248,13.601471,12.806248,12.206556,10.816654,9.433981,8.062258,6.708204,4.123106,2.0,1.0,4.0,7.0,10.198039,13.0,14.764823,16.401219,15.556349,15.0,13.0,11.401754,9.0,19.416488,21.400935,22.671568,22.627417,21.213203,19.104973,16.970563,14.21267,12.083046,11.401754,12.041595,12.041595,13.341664,13.601471,14.866069,15.811388,14.866069,15.231546,15.231546,14.764823,14.764823,13.601471,12.806248,11.313708,10.29563,9.486833
20260626_180449,2026-06-26T09:04:58.671609Z,skeleton,RX3,28.017851,26.925824,24.698178,21.954498,17.492856,14.422205,10.630146,7.211103,6.324555,7.071068,8.544004,8.944272,10.29563,11.18034,12.529964,13.416408,13.416408,13.892444,13.038405,12.206556,11.401754,11.313708,10.0,9.433981,8.062258,6.708204,12.806248,9.433981,5.09902,3.605551,8.0,13.0,17.0,19.026298,21.095023,22.36068,21.587033,19.924859,18.788294,16.643317,15.811388,13.453624,11.313708,9.219544,7.211103,7.071068,8.544004,11.661904,16.401219,20.615528,24.207437,27.202941
20260626_180449,2026-06-26T09:04:58.697184Z,skeleton,RX1,12.041595,12.806248,13.601471,14.21267,12.806248,12.206556,10.816654,8.944272,7.615773,6.324555,5.09902,5.09902,5.385165,5.0,5.0,5.0,5.0,4.472136,4.123106,5.09902,5.385165,6.403124,7.81025,7.81025,7.81025,7.81025,18.601075,19.849433,20.518285,19.849433,18.601075,16.124515,12.529964,8.944272,5.0,3.162278,5.656854,8.602325,12.206556,13.601471,15.620499,16.970563,16.970563,17.691806,17.029386,15.620499,14.866069,12.806248,9.899495,8.062258,7.0,6.708204
20260626_180449,2026-06-26T09:04:58.725475Z,skeleton,RX2,11.18034,12.649111,13.341664,14.142136,15.132746,15.132746,15.132746,14.035669,13.152946,11.18034,9.219544,7.28011,5.385165,2.236068,1.414214,4.242641,7.81025,11.661904,14.317821,16.492423,17.117243,17.029386,16.278821,15.231546,12.529964,9.899495,21.213203,23.086793,24.020824,24.0,23.021729,21.023796,18.0,15.033296,12.649111,11.661904,12.041595,12.806248,13.892444,14.764823,15.652476,16.552945,16.155494,16.155494,17.088007,15.811388,15.297059,14.317821,14.035669,12.041595,11.401754,10.29563
20260626_180449,2026-06-26T09:04:58.755169Z,skeleton,RX3,9.0,10.440307,13.416408,15.264338,15.811388,17.204651,17.204651,16.643317,15.811388,15.264338,13.892444,11.661904,10.816654,9.219544,8.485281,7.81025,7.615773,7.28011,8.0,8.062258,8.246211,8.246211,7.615773,7.211103,6.403124,5.656854,17.204651,19.209373,20.615528,21.931712,20.518285,19.209373,16.401219,13.038405,9.433981,6.403124,3.605551,2.0,3.605551,5.830952,7.211103,10.0,12.041595,12.727922,14.21267,15.811388,16.124515,17.0,16.552945,14.764823,13.038405,10.630146
20260626_180449,2026-06-26T09:04:58.928390Z,skeleton,RX1,14.21267,17.029386,17.029386,17.804494,17.029386,15.620499,13.453624,11.313708,8.602325,7.615773,7.28011,7.0,7.071068,6.324555,7.615773,7.211103,7.81025,7.071068,6.708204,7.071068,8.0,9.055385,10.198039,11.18034,11.401754,11.401754,24.083189,26.172505,27.018512,26.627054,25.059928,21.023796,16.552945,12.083046,7.211103,5.09902,7.211103,11.313708,14.866069,17.029386,19.209373,20.808652,21.633308,21.954498,21.470911,20.124612,17.888544,15.652476,12.206556,9.219544,8.246211,9.486833
20260626_180449,2026-06-26T09:04:59.097498Z,skeleton,RX2,17.464249,15.297059,13.341664,10.198039,8.0,5.09902,4.242641,4.123106,6.0,8.062258,10.049876,12.041595,13.0,14.035669,15.297059,14.866069,14.317821,12.806248,9.899495,5.830952,2.0,2.236068,5.830952,8.544004,11.045361,13.038405,12.206556,11.7047,12.165525,14.035669,17.117243,20.223748,22.203603,23.086793,23.021729,22.0,20.099751,18.11077,15.132746,13.038405,11.0,10.198039,8.544004,8.602325,9.219544,10.816654,12.083046,13.928388,15.524175,17.464249,18.439089,18.439089
20260626_180449,2026-06-26T09:04:59.264665Z,skeleton,RX3,29.0,28.017851,25.019992,22.022716,18.0,14.0,11.18034,8.062258,8.485281,8.062258,9.486833,10.198039,12.165525,13.152946,14.142136,14.142136,15.297059,14.142136,14.142136,14.035669,13.0,12.041595,11.18034,10.198039,9.486833,8.544004,12.369317,8.246211,3.605551,3.605551,8.062258,12.083046,16.124515,18.867962,20.808652,21.260292,20.518285,20.0,18.027756,16.552945,14.317821,12.369317,10.440307,8.544004,7.211103,6.708204,8.062258,13.038405,16.124515,21.213203,25.179357,28.071338
20260626_180449,2026-06-26T09:04:59.264853Z,skeleton,RX1,19.235384,16.278821,13.038405,9.219544,7.615773,7.071068,7.615773,8.246211,8.0,9.0,8.062258,8.246211,7.615773,8.062258,7.81025,7.81025,9.433981,9.848858,10.77033,10.440307,10.440307,10.440307,9.219544,8.062258,6.082763,5.385165,5.0,4.242641,8.246211,12.0,17.0,22.022716,25.179357,26.476405,27.892651,26.570661,25.495098,21.954498,18.867962,15.811388,10.816654,7.615773,4.0,5.0,8.246211,11.045361,16.03122,19.026298,22.090722,24.186773,25.317978,24.33105
20260626_180449,2026-06-26T09:04:59.264999Z,skeleton,RX2,18.681542,16.763055,14.56022,11.401754,8.246211,6.0,4.472136,3.162278,5.0,8.062258,9.055385,11.045361,13.0,14.035669,14.317821,13.928388,13.892444,12.041595,9.219544,6.324555,3.162278,3.162278,6.403124,9.848858,12.369317,14.0,14.422205,13.0,14.142136,16.03122,19.235384,22.203603,24.186773,25.079872,25.079872,24.0,22.022716,20.099751,17.117243,15.033296,13.0,11.18034,10.77033,10.0,10.630146,12.206556,13.416408,15.231546,17.088007,18.681542,19.646883,19.646883
20260626_180449,2026-06-26T09:04:59.265108Z,skeleton,RX3,29.427878,28.635642,25.70992,21.587033,18.439089,14.317821,11.045361,8.246211,5.830952,7.81025,8.062258,9.486833,11.401754,12.369317,13.341664,13.601471,13.601471,14.317821,14.142136,13.152946,12.041595,11.0,11.045361,9.219544,9.219544,7.28011,13.0,9.055385,4.472136,4.472136,8.485281,13.453624,17.691806,20.518285,21.260292,21.633308,21.954498,20.615528,18.973666,17.464249,15.132746,14.035669,12.041595,9.055385,7.615773,7.071068,8.944272,13.152946,17.117243,21.095023,25.179357,27.166155
20260626_180449,2026-06-26T09:04:59.265353Z,skeleton,RX1,14.764823,17.464249,17.888544,18.788294,16.552945,15.231546,13.0,11.401754,9.219544,8.062258,7.071068,6.708204,5.830952,7.071068,6.403124,6.403124,6.708204,6.324555,6.0,6.324555,7.211103,8.485281,9.899495,10.630146,10.630146,10.630146,23.086793,25.079872,26.832816,26.07681,25.0,21.260292,16.278821,11.313708,6.708204,4.472136,6.708204,11.7047,14.866069,17.464249,19.697716,21.470911,21.954498,21.633308,22.203603,20.0,18.601075,15.811388,12.529964,9.219544,8.246211,9.219544
20260626_180449,2026-06-26T09:04:59.265443Z,skeleton,RX2,18.11077,16.03122,14.035669,12.041595,8.062258,6.324555,4.242641,5.09902,6.082763,9.219544,10.440307,12.369317,14.142136,15.033296,16.03122,15.297059,14.866069,13.416408,10.630146,6.403124,3.162278,2.0,5.656854,9.433981,11.7047,13.038405,13.038405,11.7047,13.038405,15.132746,18.681542,20.615528,23.769729,24.515301,24.33105,24.186773,22.022716,19.0,17.029386,14.035669,12.165525,10.440307,8.944272,9.899495,10.0,11.18034,12.649111,15.297059,17.262677,18.11077,19.104973,19.026298
20260626_180449,2026-06-26T09:04:59.265576Z,skeleton,RX3,26.07681,26.019224,23.0,20.0,16.03122,12.041595,9.486833,7.211103,6.403124,7.28011,8.246211,10.049876,11.045361,12.041595,13.038405,14.035669,14.035669,14.035669,14.0,13.0,12.041595,11.18034,10.440307,10.77033,9.848858,8.544004,12.649111,8.246211,4.472136,2.236068,6.708204,10.77033,15.231546,17.0,18.867962,19.209373,19.104973,18.439089,16.643317,14.764823,13.0,11.7047,9.486833,7.28011,5.830952,5.830952,7.071068,11.045361,14.317821,20.223748,23.194827,25.179357
20260626_180449,2026-06-26T09:04:59.265716Z,skeleton,RX1,19.924859,17.464249,14.142136,11.045361,9.486833,8.602325,8.602325,8.944272,9.486833,9.219544,9.055385,9.0,8.062258,8.246211,7.615773,7.211103,8.485281,9.219544,9.433981,10.29563,10.29563,8.944272,8.944272,6.324555,5.09902,4.0,5.0,3.162278,5.385165,10.198039,15.297059,19.646883,23.086793,24.698178,25.495098,24.698178,23.430749,20.518285,16.970563,13.453624,9.899495,6.403124,3.0,4.472136,8.246211,12.165525,15.132746,19.235384,21.377558,24.738634,25.0,25.0
20260626_180449,2026-06-26T09:04:59.265813Z,skeleton,RX2,10.77033,12.165525,13.038405,14.0,14.035669,14.035669,14.035669,13.038405,12.0,11.0,9.055385,7.071068,5.09902,2.236068,1.414214,4.472136,7.81025,10.630146,13.601471,15.652476,16.763055,16.278821,16.0,14.317821,11.7047,10.0,20.248457,22.803509,23.537205,23.345235,22.203603,20.099751,17.262677,14.56022,12.529964,12.041595,11.401754,12.529964,13.928388,14.866069,14.56022,15.524175,15.524175,16.278821,16.278821,15.132746,15.033296,14.0,13.152946,12.369317,11.18034,10.0
20260626_180449,2026-06-26T09:04:59.265889Z,skeleton,RX3,9.055385,10.440307,12.529964,13.601471,15.620499,16.278821,17.029386,15.620499,15.0,13.601471,12.206556,11.401754,10.0,9.219544,7.81025,7.211103,6.324555,6.082763,7.0,7.071068,7.615773,6.708204,7.211103,6.403124,5.0,4.472136,17.088007,19.697716,21.470911,21.954498,21.633308,19.416488,17.204651,14.21267,10.630146,7.81025,4.472136,3.162278,4.242641,5.830952,8.062258,9.433981,11.401754,14.21267,15.556349,16.278821,17.804494,18.027756,16.643317,15.811388,13.601471,11.313708
20260626_180449,2026-06-26T09:04:59.266019Z,skeleton,RX1,15.524175,17.720045,19.646883,18.439089,18.681542,16.492423,14.317821,12.165525,11.0,9.055385,8.544004,8.062258,7.211103,7.81025,7.211103,7.615773,6.324555,7.071068,6.082763,6.324555,6.403124,7.81025,8.602325,9.433981,10.29563,10.29563,23.345235,25.0,25.632011,26.400758,23.323808,20.808652,16.401219,11.401754,5.830952,3.605551,7.28011,11.045361,14.142136,17.262677,19.416488,20.880613,22.135944,21.540659,21.931712,21.023796,17.888544,16.155494,12.369317,9.0,7.615773,10.0
20260626_180449,2026-06-26T09:04:59.266156Z,skeleton,RX2,18.027756,16.643317,14.422205,11.661904,8.602325,6.403124,4.472136,4.123106,5.0,6.403124,8.602325,10.630146,12.041595,12.806248,14.422205,14.317821,13.601471,11.045361,9.055385,6.708204,3.162278,3.605551,6.0,8.246211,10.29563,12.041595,13.928388,13.038405,14.142136,15.811388,19.235384,21.470911,23.323808,23.853721,24.413111,24.207437,21.260292,19.104973,17.029386,14.866069,12.806248,11.661904,10.440307,10.049876,11.045361,12.369317,13.601471,14.317821,16.124515,18.027756,19.416488,18.867962
20260626_180449,2026-06-26T09:04:59.266294Z,skeleton,RX3,29.12044,27.892651,24.515301,21.587033,16.492423,13.601471,9.848858,8.485281,7.615773,8.062258,9.055385,10.198039,12.165525,13.341664,14.317821,14.317821,15.297059,14.56022,14.56022,13.928388,13.0,12.529964,11.661904,10.0,9.219544,8.485281,12.649111,9.486833,4.472136,2.828427,7.615773,11.7047,16.155494,18.788294,20.59126,21.095023,20.615528,19.79899,17.029386,16.643317,14.317821,12.083046,9.848858,8.062258,6.403124,5.385165,8.062258,11.401754,15.811388,20.248457,24.041631,26.570661
20260626_180449,2026-06-26T09:04:59.266392Z,skeleton,RX1,11.0,13.038405,13.038405,14.035669,13.038405,11.045361,10.049876,8.246211,7.615773,6.708204,5.656854,5.0,5.385165,6.324555,6.082763,6.0,6.0,6.082763,5.385165,6.403124,6.403124,7.211103,8.062258,8.544004,8.544004,8.544004,19.026298,20.0,21.095023,20.396078,19.646883,16.763055,13.0,8.944272,5.09902,3.605551,5.09902,8.0,11.045361,13.0,14.0,16.03122,16.124515,16.278821,15.524175,14.56022,13.601471,11.401754,9.055385,6.082763,5.656854,6.324555
20260626_180449,2026-06-26T09:04:59.266467Z,skeleton,RX2,17.204651,15.264338,13.038405,10.816654,8.062258,5.385165,4.123106,3.605551,5.385165,8.246211,10.198039,11.401754,12.649111,14.317821,15.264338,15.0,14.142136,12.206556,9.848858,6.082763,3.162278,2.236068,5.385165,9.055385,11.18034,13.0,13.038405,12.041595,12.529964,14.866069,17.464249,20.396078,22.561028,23.769729,23.086793,22.472205,21.023796,18.788294,16.552945,13.928388,11.7047,10.198039,9.0,9.219544,9.848858,10.816654,12.041595,14.21267,15.0,17.204651,18.027756,18.867962
20260626_180449,2026-06-26T09:04:59.295174Z,skeleton,RX3,27.513633,26.0,23.769729,20.615528,17.088007,12.649111,9.055385,7.071068,6.708204,7.81025,8.062258,9.848858,11.7047,13.0,13.0,14.317821,15.231546,13.928388,13.928388,13.341664,12.369317,12.165525,11.0,10.049876,9.055385,9.219544,13.152946,9.219544,5.0,3.162278,7.211103,12.041595,15.811388,18.027756,19.235384,19.697716,20.248457,18.681542,18.11077,16.0,14.035669,12.165525,10.198039,8.062258,6.0,5.830952,7.211103,10.77033,15.297059,19.646883,23.769729,25.96151
20260626_180449,2026-06-26T09:04:59.325757Z,skeleton,RX1,16.155494,18.384776,19.313208,18.384776,18.384776,16.552945,14.317821,12.529964,10.0,8.485281,8.602325,7.615773,8.246211,8.062258,8.0,8.062258,7.28011,7.615773,7.211103,6.403124,6.708204,8.544004,9.219544,10.049876,10.049876,10.049876,21.954498,24.596748,25.632011,25.96151,23.345235,20.099751,16.03122,11.0,5.09902,3.162278,6.708204,10.816654,13.892444,17.0,18.788294,20.615528,20.880613,20.880613,20.615528,19.416488,17.464249,15.524175,11.7047,9.219544,8.544004,10.049876
20260626_180449,2026-06-26T09:04:59.355816Z,skeleton,RX2,9.0,10.198039,10.77033,12.083046,12.529964,12.529964,12.529964,11.661904,11.18034,9.848858,8.544004,6.082763,4.0,1.0,2.236068,5.0,8.062258,11.401754,14.317821,15.811388,17.029386,17.029386,15.264338,13.928388,12.165525,9.055385,20.0,23.021729,24.186773,24.596748,22.36068,21.023796,18.35756,15.811388,13.453624,12.206556,12.083046,12.369317,13.152946,14.035669,15.0,15.0,15.033296,15.132746,16.124515,15.297059,14.317821,13.601471,13.0,11.661904,10.630146,8.602325
20260626_180449,2026-06-26T09:04:59.387682Z,skeleton,RX3,8.062258,9.219544,11.18034,13.928388,14.56022,15.524175,15.524175,14.56022,13.601471,12.649111,11.7047,9.848858,8.544004,7.28011,6.082763,6.082763,5.385165,5.830952,5.656854,5.830952,6.708204,6.324555,6.082763,5.0,5.09902,5.385165,19.0,21.023796,22.090722,23.194827,22.36068,20.615528,17.464249,14.56022,10.440307,7.28011,5.0,3.605551,4.123106,6.082763,8.0,10.049876,12.165525,13.341664,14.56022,16.155494,16.552945,17.0,17.0,14.764823,13.416408,11.18034
20260626_180449,2026-06-26T09:04:59.417125Z,skeleton,RX1,16.278821,19.104973,19.849433,19.849433,19.104973,17.029386,14.866069,12.806248,10.29563,9.486833,8.062258,8.0,8.062258,7.615773,8.062258,8.062258,7.81025,7.071068,7.211103,6.324555,7.0,8.062258,9.219544,9.486833,9.848858,9.848858,23.853721,25.0,26.172505,25.495098,24.207437,20.248457,16.124515,10.29563,5.656854,3.162278,7.211103,11.661904,15.264338,17.204651,19.209373,21.260292,21.213203,22.671568,21.400935,20.0,18.601075,15.620499,12.041595,9.848858,9.0,11.18034
20260626_180449,2026-06-26T09:04:59.445220Z,skeleton,RX2,10.198039,10.77033,12.529964,13.601471,13.601471,14.21267,14.21267,13.601471,12.206556,10.816654,9.433981,8.062258,5.385165,2.236068,1.0,4.0,7.071068,10.440307,13.416408,15.811388,16.278821,17.029386,16.124515,14.866069,12.165525,10.049876,20.0,22.022716,23.345235,22.671568,22.022716,19.849433,17.691806,14.866069,13.038405,11.7047,11.045361,12.041595,12.165525,13.341664,14.56022,14.56022,14.866069,15.231546,15.231546,15.652476,14.764823,14.422205,12.806248,12.041595,10.816654,9.486833
20260626_180449,2026-06-26T09:04:59.475183Z,skeleton,RX3,28.284271,27.166155,24.083189,21.095023,17.117243,13.152946,9.486833,7.211103,6.403124,7.071068,8.0,10.049876,11.045361,12.165525,12.041595,14.035669,14.035669,13.152946,13.152946,12.369317,11.401754,10.77033,10.29563,10.0,8.602325,7.81025,13.416408,8.944272,5.0,3.605551,8.062258,12.083046,16.552945,18.788294,20.248457,21.400935,21.260292,20.518285,18.601075,17.492856,15.231546,13.601471,11.7047,9.486833,7.211103,6.708204,8.062258,12.041595,15.297059,20.615528,24.738634,27.45906
20260626_180449,2026-06-26T09:04:59.505283Z,skeleton,RX1,20.0,16.03122,13.152946,10.77033,8.485281,7.615773,9.219544,9.0,10.049876,10.198039,10.198039,9.486833,8.944272,8.602325,8.485281,9.219544,9.848858,9.486833,10.440307,11.18034,11.18034,11.045361,10.049876,8.0,7.071068,5.385165,5.09902,4.242641,7.071068,12.041595,17.117243,21.023796,25.0,27.073973,27.294688,26.683328,25.298221,21.931712,17.888544,14.764823,10.29563,6.708204,4.0,4.123106,8.062258,12.165525,16.278821,20.223748,23.086793,25.079872,26.019224,25.0
20260626_180449,2026-06-26T09:04:59.535568Z,skeleton,RX2,18.384776,17.464249,15.231546,12.083046,9.486833,7.071068,5.09902,4.242641,5.385165,7.28011,9.219544,11.401754,12.649111,14.317821,15.264338,15.620499,14.866069,13.038405,10.77033,7.071068,4.123106,2.0,4.472136,7.071068,10.198039,11.7047,13.038405,13.0,13.152946,15.0,18.11077,20.099751,22.090722,23.021729,23.0,23.021729,20.099751,19.104973,16.124515,14.035669,12.0,11.18034,10.440307,10.29563,10.630146,12.041595,13.038405,14.764823,16.552945,17.464249,19.313208,19.313208
20260626_180449,2026-06-26T09:04:59.565178Z,skeleton,RX3,8.062258,9.055385,12.0,13.152946,15.297059,16.278821,15.297059,15.132746,14.142136,12.165525,11.18034,10.198039,9.219544,7.28011,6.708204,6.403124,6.403124,6.708204,6.324555,7.071068,7.0,7.071068,7.28011,6.324555,5.830952,5.656854,18.973666,22.135944,23.769729,24.515301,23.345235,21.213203,18.027756,15.033296,11.0,8.0,4.123106,2.828427,3.0,5.385165,7.615773,8.544004,11.401754,12.165525,15.132746,16.0,17.029386,17.117243,16.124515,15.033296,13.0,10.198039
20260626_180449,2026-06-26T09:04:59.600044Z,skeleton,RX1,15.524175,18.439089,19.646883,19.416488,18.681542,16.492423,14.317821,12.165525,10.0,9.055385,8.246211,6.708204,6.403124,7.071068,7.211103,7.615773,7.615773,7.28011,6.0,6.324555,7.211103,7.071068,8.602325,8.602325,9.433981,9.433981,23.194827,24.515301,26.248809,26.0,23.706539,20.248457,15.811388,10.816654,5.385165,4.242641,7.071068,11.045361,15.033296,17.262677,19.416488,20.615528,22.135944,22.472205,21.931712,20.124612,17.888544,15.231546,12.369317,9.0,8.062258,10.816654
20260626_180449,2026-06-26T09:04:59.625619Z,skeleton,RX2,18.384776,17.464249,15.231546,13.0,10.77033,7.28011,5.0,3.605551,4.472136,6.082763,9.055385,10.049876,12.165525,13.341664,13.928388,14.764823,14.21267,13.453624,10.29563,8.246211,5.09902,3.162278,5.830952,8.062258,10.440307,12.0,13.453624,12.529964,13.601471,16.124515,19.0,21.0,24.0,24.020824,24.083189,23.194827,21.377558,20.396078,17.262677,15.132746,13.0,12.041595,11.401754,11.18034,12.206556,12.727922,14.21267,15.264338,17.0,17.464249,19.697716,19.697716
20260626_180449,2026-06-26T09:04:59.656568Z,skeleton,RX3,8.602325,10.440307,12.041595,14.0,16.03122,16.03122,16.03122,16.0,15.0,14.0,13.0,11.0,10.0,9.055385,7.071068,7.615773,7.211103,7.071068,7.211103,6.708204,7.28011,7.071068,6.0,6.082763,5.09902,4.472136,16.552945,19.313208,20.880613,20.615528,20.396078,18.248288,16.124515,13.038405,9.0,6.082763,3.162278,2.236068,4.123106,5.385165,7.615773,9.486833,11.401754,13.152946,15.132746,16.0,17.029386,17.117243,16.124515,15.033296,13.0,10.198039
20260626_180449,2026-06-26T09:04:59.685177Z,skeleton,RX1,19.723083,17.0,13.0,9.219544,7.071068,6.708204,7.071068,8.062258,7.615773,8.246211,8.062258,8.062258,8.0,7.28011,7.615773,7.211103,8.485281,9.219544,10.0,10.29563,10.29563,10.29563,8.944272,7.28011,7.071068,6.082763,5.385165,4.472136,8.062258,12.083046,17.464249,21.023796,25.059928,26.925824,27.802878,26.907248,25.455844,22.022716,18.601075,15.811388,11.401754,7.071068,4.472136,5.0,8.062258,12.083046,16.155494,19.697716,21.931712,24.596748,25.942244,24.186773
20260626_180449,2026-06-26T09:04:59.722166Z,skeleton,RX2,9.486833,10.29563,11.401754,12.727922,13.453624,13.453624,13.453624,12.806248,12.041595,10.630146,9.219544,7.211103,4.472136,2.0,1.0,4.472136,7.28011,10.049876,13.038405,15.297059,16.155494,16.124515,15.0,13.453624,11.661904,9.219544,20.59126,23.853721,24.413111,25.0,22.803509,20.615528,18.601075,15.264338,13.928388,12.165525,12.041595,13.341664,13.601471,13.928388,15.231546,15.652476,16.124515,16.124515,16.643317,15.811388,15.620499,14.866069,13.453624,12.206556,11.18034,10.198039
20260626_180449,2026-06-26T09:04:59.745533Z,skeleton,RX3,9.219544,10.630146,13.453624,15.0,16.643317,18.027756,17.492856,16.643317,15.811388,13.601471,13.601471,12.206556,10.816654,8.944272,8.544004,8.062258,7.0,7.28011,7.615773,8.062258,7.81025,8.485281,7.81025,7.211103,6.708204,6.082763,18.973666,22.472205,23.769729,25.079872,23.706539,21.954498,18.867962,15.811388,12.206556,8.602325,4.472136,3.0,3.605551,5.385165,7.28011,9.486833,11.7047,13.416408,15.264338,16.401219,17.691806,17.691806,16.970563,15.556349,13.453624,11.661904
20260626_180449,2026-06-26T09:04:59.775254Z,skeleton,RX1,12.806248,14.21267,15.0,15.0,14.21267,12.806248,11.401754,9.433981,8.062258,7.28011,6.082763,6.0,5.09902,5.385165,5.830952,6.403124,5.656854,5.656854,4.472136,5.09902,5.0,6.082763,6.324555,6.708204,7.211103,7.211103,17.492856,18.601075,19.104973,19.104973,17.804494,15.264338,11.661904,8.062258,4.242641,3.162278,5.830952,8.944272,11.18034,13.038405,15.0,15.620499,16.278821,16.970563,16.278821,15.620499,13.453624,11.313708,8.602325,7.615773,6.082763,8.602325
20260626_180449,2026-06-26T09:04:59.810554Z,skeleton,RX2,9.219544,9.848858,10.816654,11.313708,12.041595,12.806248,12.806248,12.041595,11.313708,9.899495,7.81025,5.830952,4.472136,1.0,2.236068,5.385165,8.062258,11.0,14.035669,15.524175,16.552945,16.643317,16.278821,14.21267,12.083046,9.219544,21.633308,23.600847,24.839485,24.758837,24.041631,21.213203,19.104973,16.401219,14.317821,12.649111,13.038405,13.038405,13.341664,14.317821,14.866069,14.866069,15.231546,15.231546,15.652476,14.764823,14.422205,14.422205,13.453624,12.041595,10.816654,9.486833
20260626_180449,2026-06-26T09:04:59.835843Z,skeleton,RX3,8.544004,10.0,11.18034,13.601471,13.928388,14.866069,14.866069,13.928388,13.601471,12.649111,11.401754,9.486833,8.544004,7.615773,6.708204,6.403124,5.656854,5.385165,6.082763,7.0,7.0,6.082763,6.324555,5.830952,5.0,5.0,19.209373,20.615528,23.345235,22.627417,22.671568,20.615528,18.601075,15.811388,12.206556,8.602325,5.0,4.123106,4.123106,5.0,7.071068,10.0,10.816654,13.416408,13.416408,16.155494,17.088007,17.720045,16.492423,14.56022,13.601471,11.18034
20260626_180449,2026-06-26T09:04:59.866008Z,skeleton,RX1,15.264338,17.492856,18.867962,18.867962,17.492856,16.643317,14.422205,12.806248,9.899495,8.602325,7.615773,7.28011,7.071068,7.071068,7.28011,7.615773,7.615773,7.211103,6.403124,6.708204,6.082763,8.062258,8.062258,9.055385,9.219544,9.486833,22.36068,24.166092,25.298221,25.70992,23.194827,20.099751,16.0,11.0,6.082763,2.236068,5.830952,10.0,13.601471,16.124515,18.35756,20.124612,20.615528,21.18962,20.880613,19.646883,17.720045,14.866069,11.18034,9.219544,7.615773,9.219544
20260626_180449,2026-06-26T09:04:59.896764Z,skeleton,RX2,10.29563,11.401754,12.041595,13.601471,14.422205,14.422205,14.422205,13.601471,13.038405,11.401754,10.0,7.81025,5.0,2.828427,3.605551,7.28011,11.045361,13.0,15.297059,16.763055,17.0,16.401219,14.866069,13.038405,10.440307,20.615528,22.36068,24.186773,23.853721,23.021729,20.808652,18.867962,15.652476,13.601471,12.041595,12.165525,12.649111,13.416408,13.892444,15.264338,15.811388,15.811388,15.620499,15.620499,16.278821,14.866069,15.620499,14.422205,12.529964,11.401754,11.045361,14.3611085
20260626_180449,2026-06-26T09:04:59.927065Z,skeleton,RX3,8.485281,10.29563,12.649111,14.317821,15.132746,16.124515,16.278821,15.297059,14.317821,13.152946,12.165525,11.18034,10.049876,8.062258,7.0,7.28011,6.708204,6.403124,7.071068,7.211103,7.211103,7.615773,6.324555,6.082763,6.0,5.09902,17.262677,20.099751,22.090722,22.0,21.0,20.099751,17.117243,14.142136,10.198039,7.071068,4.0,2.236068,3.0,5.09902,7.071068,9.055385,11.045361,12.0,14.142136,14.317821,15.524175,15.811388,15.811388,14.56022,12.369317,10.049876
20260626_180449,2026-06-26T09:04:59.955264Z,skeleton,RX1,18.973666,15.811388,12.083046,9.219544,7.211103,6.082763,7.28011,7.615773,8.602325,9.219544,8.485281,8.485281,8.602325,8.062258,8.246211,8.0,9.0,10.198039,10.440307,10.77033,10.77033,9.848858,9.433981,7.81025,7.071068,5.0,5.0,3.605551,7.071068,11.401754,15.811388,20.615528,24.515301,26.172505,27.018512,27.018512,25.179357,22.36068,18.681542,15.811388,11.401754,7.28011,4.0,3.162278,6.324555,10.77033,14.317821,18.788294,21.931712,23.769729,24.698178,24.351591
20260626_180449,2026-06-26T09:04:59.985507Z,skeleton,RX2,18.248288,17.262677,14.142136,12.165525,9.055385,6.0,4.472136,4.472136,6.0,8.062258,10.049876,12.041595,13.0,14.035669,15.297059,14.866069,14.764823,12.806248,10.630146,6.708204,3.0,2.0,5.0,8.544004,11.18034,13.038405,13.928388,13.341664,14.0,16.278821,18.681542,21.18962,23.086793,24.738634,24.515301,23.345235,22.090722,19.104973,17.117243,15.132746,12.369317,11.401754,10.29563,10.0,10.630146,11.661904,13.0,14.56022,16.278821,18.248288,19.235384,19.235384
20260626_180449,2026-06-26T09:05:00.015171Z,skeleton,RX3,28.635642,27.658633,25.0,21.84033,18.439089,14.317821,11.045361,9.055385,7.615773,7.81025,9.219544,10.0,10.816654,12.206556,13.038405,13.038405,14.422205,13.892444,13.038405,12.529964,12.083046,11.7047,11.401754,10.198039,10.049876,9.055385,11.661904,8.602325,5.0,4.472136,7.211103,11.18034,14.764823,17.492856,19.416488,19.849433,19.79899,19.209373,18.027756,16.552945,14.866069,12.649111,11.401754,9.486833,8.062258,7.81025,8.944272,12.165525,16.124515,20.099751,24.186773,26.172505
20260626_180449,2026-06-26T09:05:00.045317Z,skeleton,RX1,19.313208,16.763055,13.341664,10.0,8.246211,7.81025,8.602325,8.944272,9.486833,9.219544,9.055385,9.0,9.0,8.246211,7.615773,7.211103,8.485281,8.602325,9.433981,9.848858,9.848858,8.944272,8.246211,6.324555,6.082763,4.123106,4.242641,3.162278,5.830952,10.77033,15.231546,19.697716,23.706539,24.698178,25.806976,24.839485,23.345235,20.615528,17.204651,13.601471,10.0,5.656854,3.162278,4.242641,8.544004,12.369317,16.492423,19.646883,21.84033,24.351591,25.632011,23.769729
20260626_180449,2026-06-26T09:05:00.075360Z,skeleton,RX2,9.486833,10.816654,12.041595,12.041595,13.601471,13.601471,13.601471,12.806248,12.041595,10.630146,9.219544,7.211103,4.472136,2.236068,1.0,4.472136,7.615773,10.198039,13.0,15.297059,15.811388,15.652476,15.811388,14.142136,11.661904,9.219544,21.023796,23.706539,25.059928,24.698178,23.853721,20.808652,18.027756,15.652476,13.601471,13.038405,13.152946,13.601471,14.317821,14.764823,15.264338,16.124515,16.643317,16.643317,16.401219,16.401219,16.278821,14.866069,14.21267,13.038405,12.083046,10.198039
20260626_180449,2026-06-26T09:05:00.105479Z,skeleton,RX3,8.062258,9.486833,12.083046,13.892444,15.264338,15.811388,15.264338,15.264338,13.892444,12.529964,11.18034,10.29563,9.433981,8.602325,7.071068,7.211103,6.708204,7.28011,8.0,8.0,8.062258,8.246211,7.615773,6.708204,6.403124,5.656854,16.643317,19.416488,20.615528,21.260292,20.518285,19.104973,15.620499,13.601471,10.0,7.211103,4.242641,2.236068,2.828427,5.0,6.403124,7.81025,9.899495,12.041595,13.601471,14.764823,15.652476,15.231546,15.231546,13.928388,12.083046,10.0
20260626_180449,2026-06-26T09:05:00.136449Z,skeleton,RX1,20.099751,17.029386,14.035669,10.440307,8.062258,7.81025,8.544004,9.055385,9.0,9.055385,9.055385,9.219544,8.544004,8.062258,7.81025,7.81025,8.062258,8.544004,9.219544,10.198039,10.049876,9.055385,8.0,7.0,6.082763,3.605551,4.472136,2.236068,6.082763,11.045361,16.03122,20.099751,23.345235,25.96151,26.570661,25.495098,23.323808,21.633308,17.204651,14.21267,10.0,5.830952,3.0,4.123106,8.062258,12.0,16.0,20.0,23.0,25.019992,26.07681,25.079872
20260626_180449,2026-06-26T09:05:00.165207Z,skeleton,RX2,9.219544,10.0,11.18034,11.401754,12.649111,12.649111,12.649111,11.7047,11.401754,9.219544,8.062258,6.0,4.0,1.414214,1.0,5.09902,7.28011,10.29563,13.601471,15.556349,15.811388,15.652476,15.524175,14.035669,11.045361,8.544004,21.400935,23.021729,24.186773,24.596748,23.259407,21.023796,19.235384,16.643317,14.866069,12.806248,12.529964,13.601471,14.317821,14.142136,15.033296,16.03122,15.0,16.0,16.0,16.03122,15.132746,14.317821,13.601471,12.083046,10.816654,9.899495
20260626_180449,2026-06-26T09:05:00.195335Z,skeleton,RX3,8.602325,10.0,12.083046,13.928388,14.866069,16.763055,15.811388,14.866069,14.866069,13.928388,11.7047,10.77033,9.486833,8.246211,7.071068,7.071068,7.28011,6.708204,7.211103,7.81025,7.81025,7.211103,6.708204,6.324555,6.082763,5.0,18.0,20.0,22.090722,22.203603,22.36068,19.416488,17.464249,13.601471,10.440307,6.324555,4.0,2.236068,3.0,5.0,7.071068,9.0,11.045361,12.165525,13.601471,14.866069,15.231546,15.652476,15.652476,13.892444,12.083046,10.198039
20260626_180449,2026-06-26T09:05:00.225726Z,skeleton,RX1,15.556349,18.384776,19.79899,18.384776,18.384776,16.970563,14.866069,12.806248,10.29563,8.544004,8.246211,7.0,7.071068,7.28011,8.062258,7.211103,7.81025,6.403124,6.708204,6.082763,7.0,8.246211,8.544004,8.944272,9.433981,9.433981,22.803509,25.238859,25.942244,26.0,24.351591,20.615528,16.278821,10.198039,5.385165,3.0,7.071068,10.630146,14.142136,17.691806,18.439089,20.615528,20.808652,21.095023,21.470911,19.235384,17.888544,15.264338,11.401754,8.602325,8.062258,9.848858
20260626_180449,2026-06-26T09:05:00.255432Z,skeleton,RX2,9.848858,11.18034,12.0,13.038405,13.152946,13.152946,13.152946,13.152946,12.041595,11.045361,9.0,7.071068,5.385165,2.236068,1.0,3.162278,6.708204,10.630146,12.727922,14.422205,15.652476,15.811388,15.132746,14.035669,12.369317,9.433981,20.248457,22.135944,23.769729,23.537205,22.36068,20.223748,17.464249,14.56022,13.416408,12.041595,11.401754,12.529964,13.928388,13.601471,14.56022,15.297059,15.297059,16.124515,16.124515,16.03122,15.0,14.035669,14.142136,12.369317,11.18034,10.0
20260626_180449,2026-06-26T09:05:00.285132Z,skeleton,RX3,8.602325,10.0,12.083046,13.928388,14.56022,15.811388,15.524175,14.866069,13.928388,13.0,11.7047,10.77033,8.544004,7.28011,6.082763,6.0,6.082763,5.830952,5.656854,6.403124,6.708204,6.324555,6.082763,5.09902,5.0,4.123106,19.235384,21.095023,23.086793,23.021729,23.0,21.023796,18.11077,14.142136,11.045361,8.062258,5.09902,3.605551,4.123106,6.0,8.0,10.0,12.041595,13.152946,14.317821,16.763055,17.088007,17.464249,16.552945,15.231546,13.601471,11.045361
20260626_180449,2026-06-26T09:05:00.315149Z,skeleton,RX1,19.416488,17.464249,13.601471,10.29563,8.485281,7.615773,8.062258,8.062258,9.219544,8.544004,8.544004,8.062258,8.602325,7.81025,7.211103,7.615773,8.246211,9.055385,9.0,10.049876,9.055385,8.062258,7.28011,6.324555,5.0,4.242641,4.123106,2.236068,6.082763,11.18034,15.297059,20.223748,23.086793,25.019992,26.07681,25.317978,23.769729,20.880613,17.088007,13.928388,9.486833,6.082763,3.162278,5.0,8.062258,12.369317,15.811388,19.646883,22.803509,24.515301,25.495098,24.33105
20260626_180449,2026-06-26T09:05:00.345488Z,skeleton,RX2,10.198039,11.0,12.165525,13.341664,13.601471,13.601471,13.601471,13.601471,12.369317,11.18034,9.055385,8.0,5.09902,2.236068,1.414214,4.0,7.28011,10.29563,12.806248,14.866069,16.643317,16.552945,15.524175,14.035669,12.041595,9.848858,21.095023,22.825424,24.596748,23.769729,23.769729,21.18962,18.384776,15.652476,13.601471,12.806248,12.083046,12.649111,14.317821,15.132746,15.033296,16.03122,16.0,16.0,16.03122,16.03122,15.132746,15.297059,13.601471,13.0,11.401754,9.899495
20260626_180449,2026-06-26T09:05:00.379924Z,skeleton,RX3,27.784888,27.45906,25.238859,21.633308,18.027756,13.892444,10.77033,9.055385,8.062258,7.615773,9.433981,10.630146,11.313708,12.041595,13.453624,13.453624,14.21267,13.453624,12.727922,12.727922,12.206556,11.661904,11.18034,9.848858,9.848858,8.544004,11.045361,7.071068,3.605551,4.123106,7.81025,12.041595,15.620499,17.804494,19.416488,20.124612,19.697716,18.973666,18.248288,16.03122,14.0,12.041595,11.045361,9.0,8.062258,7.211103,9.219544,12.529964,16.552945,20.615528,24.166092,26.832816
20260626_180449,2026-06-26T09:05:00.405153Z,skeleton,RX1,11.18034,12.369317,13.341664,13.341664,12.369317,11.401754,10.440307,8.544004,6.708204,5.656854,5.0,4.472136,5.09902,5.0,5.09902,5.385165,5.830952,5.0,5.0,5.385165,6.082763,7.071068,8.0,8.062258,8.062258,8.246211,18.11077,20.024984,21.023796,20.099751,19.416488,16.492423,12.649111,9.486833,5.0,3.605551,6.0,9.055385,11.18034,13.152946,15.033296,16.03122,16.0,17.029386,17.029386,16.124515,14.142136,12.041595,9.0,6.324555,5.656854,6.082763
20260626_180449,2026-06-26T09:05:00.435437Z,skeleton,RX2,9.0,11.18034,11.7047,13.416408,13.416408,13.892444,14.764823,13.416408,12.529964,11.18034,9.486833,7.28011,5.09902,3.0,3.0,7.071068,9.848858,13.416408,15.0,16.970563,17.204651,17.0,15.524175,13.038405,10.198039,19.723083,22.36068,23.769729,23.4094,22.135944,20.248457,18.027756,14.764823,12.806248,12.041595,11.18034,11.7047,13.152946,13.038405,14.0,15.0,15.033296,15.033296,15.132746,15.132746,14.317821,13.601471,13.0,11.661904,10.630146,10.0,9.5595195
20260626_180449,2026-06-26T09:05:00.465451Z,skeleton,RX3,28.017851,27.018512,25.019992,21.095023,17.029386,13.0,10.198039,7.615773,7.071068,7.615773,8.246211,10.198039,11.18034,12.041595,13.152946,13.152946,13.152946,14.035669,13.038405,13.0,12.041595,11.18034,10.440307,9.848858,8.944272,8.944272,13.928388,9.848858,5.0,4.123106,8.602325,12.529964,16.124515,18.867962,20.808652,21.260292,21.931712,20.0,19.723083,17.464249,15.231546,14.56022,12.369317,9.486833,6.708204,6.403124,8.246211,12.0,16.03122,21.095023,24.083189,27.018512
20260626_180449,2026-06-26T09:05:00.495122Z,skeleton,RX1,21.18962,16.763055,13.341664,10.0,7.28011,6.403124,7.211103,7.28011,8.062258,8.0,8.062258,8.062258,7.28011,6.708204,7.211103,7.071068,7.615773,8.544004,9.219544,9.219544,9.055385,9.0,8.0,7.071068,5.385165,5.0,4.242641,3.162278,5.385165,11.7047,15.811388,20.615528,23.706539,26.07681,27.202941,26.248809,24.758837,21.931712,18.439089,15.0,11.401754,7.071068,4.123106,4.242641,7.615773,11.401754,16.492423,19.416488,22.561028,24.738634,25.96151,25.0
20260626_180449,2026-06-26T09:05:00.526814Z,skeleton,RX2,9.055385,11.045361,12.369317,13.0,13.928388,14.317821,14.317821,13.928388,13.0,11.7047,10.440307,8.246211,5.09902,3.162278,1.0,4.123106,7.615773,10.29563,14.21267,15.556349,17.204651,17.888544,16.763055,15.132746,13.038405,10.440307,19.723083,22.36068,24.166092,23.769729,22.472205,20.248457,18.384776,15.652476,12.806248,11.401754,11.18034,11.7047,13.152946,14.035669,14.035669,15.033296,15.0,15.033296,15.033296,15.132746,14.317821,14.56022,13.0,12.083046,10.816654,9.219544
20260626_180449,2026-06-26T09:05:00.555215Z,skeleton,RX3,8.602325,10.198039,12.0,14.035669,15.132746,16.124515,16.124515,15.033296,14.035669,13.0,12.0,10.0,9.055385,8.246211,7.28011,6.708204,7.071068,7.211103,8.062258,7.615773,8.246211,8.062258,7.0,7.071068,6.324555,5.830952,17.204651,18.867962,21.470911,22.36068,21.931712,20.248457,16.763055,14.317821,10.198039,7.28011,4.472136,2.236068,3.162278,4.472136,6.708204,8.944272,10.440307,12.369317,14.142136,15.033296,16.0,16.0,16.03122,15.0,13.0,10.198039
20260626_180449,2026-06-26T09:05:00.585299Z,skeleton,RX1,18.973666,15.297059,11.045361,9.055385,7.211103,6.403124,7.28011,8.062258,9.0,9.055385,9.055385,9.219544,8.544004,8.062258,8.602325,8.485281,8.062258,8.944272,9.848858,10.440307,10.198039,10.049876,9.0,8.0,6.082763,5.385165,5.656854,3.0,6.403124,10.77033,16.155494,19.697716,23.706539,25.238859,25.806976,26.248809,24.758837,22.022716,18.601075,14.422205,10.816654,6.403124,3.605551,3.605551,6.324555,11.18034,15.297059,19.235384,21.587033,23.769729,23.769729,24.041631
20260626_180449,2026-06-26T09:05:00.616428Z,skeleton,RX2,8.944272,9.055385,11.0,12.041595,12.041595,13.152946,13.152946,12.165525,11.045361,10.049876,8.0,6.082763,4.123106,1.0,1.414214,4.472136,8.602325,11.313708,14.21267,16.124515,17.088007,17.464249,16.03122,14.142136,12.649111,10.29563,20.615528,23.345235,24.186773,24.083189,23.021729,21.023796,18.11077,16.278821,13.928388,12.529964,12.041595,12.806248,13.038405,13.892444,14.317821,15.231546,14.866069,15.811388,14.56022,14.317821,14.142136,14.035669,13.0,11.045361,10.440307,9.433981
20260626_180449,2026-06-26T09:05:00.648111Z,skeleton,RX3,8.062258,9.848858,12.206556,13.453624,14.866069,16.278821,16.278821,14.866069,14.21267,12.806248,12.041595,10.630146,9.219544,8.485281,7.211103,6.708204,7.28011,7.0,7.071068,7.28011,7.615773,7.615773,7.211103,6.403124,6.403124,5.830952,17.720045,19.924859,21.540659,21.931712,22.36068,20.59126,18.027756,15.0,10.630146,7.81025,4.472136,3.0,3.605551,4.472136,6.708204,8.944272,10.29563,12.206556,13.453624,14.866069,15.620499,16.401219,15.620499,14.21267,12.041595,10.0
20260626_180449,2026-06-26T09:05:00.678600Z,skeleton,RX1,20.615528,16.552945,13.892444,10.0,7.211103,7.071068,6.082763,6.708204,7.211103,7.81025,7.81025,7.211103,7.615773,7.28011,7.071068,7.0,8.246211,8.544004,8.944272,9.433981,10.0,9.219544,8.485281,6.403124,5.830952,5.09902,4.0,3.162278,7.071068,11.7047,16.155494,20.880613,23.769729,26.476405,27.166155,27.018512,25.079872,22.203603,18.248288,15.297059,11.18034,8.062258,4.123106,4.123106,7.28011,11.18034,15.652476,19.235384,22.36068,24.596748,25.495098,24.698178
20260626_180449,2026-06-26T09:05:00.705944Z,skeleton,RX2,8.544004,10.049876,12.0,13.038405,13.038405,14.142136,13.152946,13.152946,12.041595,11.045361,9.0,7.0,5.09902,2.0,1.414214,3.605551,7.071068,10.0,13.038405,15.231546,15.524175,16.124515,16.0,14.317821,12.083046,10.0,19.313208,21.84033,22.561028,22.36068,21.213203,19.235384,16.278821,14.56022,12.529964,11.401754,11.401754,11.661904,12.083046,12.649111,13.601471,14.56022,14.317821,14.317821,14.142136,14.035669,14.0,13.038405,12.041595,11.18034,9.848858,9.219544
20260626_180449,2026-06-26T09:05:00.736018Z,skeleton,RX3,8.602325,10.0,12.083046,13.928388,15.811388,15.811388,15.811388,14.866069,13.928388,13.601471,11.7047,10.440307,9.219544,8.062258,8.062258,7.071068,7.28011,6.708204,7.81025,7.071068,8.062258,7.211103,7.615773,6.324555,6.082763,6.0,17.029386,20.0,22.022716,22.090722,21.213203,19.416488,17.464249,13.601471,10.440307,7.28011,4.0,2.236068,3.0,5.0,7.0,9.0,10.049876,12.165525,13.341664,14.866069,15.231546,15.652476,15.652476,13.928388,12.649111,10.049876
20260626_180449,2026-06-26T09:05:00.765493Z,skeleton,RX1,14.317821,16.763055,17.720045,16.763055,16.763055,15.811388,12.649111,10.77033,8.944272,7.81025,6.403124,6.324555,6.082763,6.0,6.082763,6.324555,6.708204,6.403124,6.403124,6.708204,8.246211,9.055385,10.0,11.0,11.045361,10.198039,23.345235,25.079872,27.0,26.07681,24.33105,21.587033,16.763055,11.401754,6.082763,4.242641,7.071068,11.18034,14.317821,17.262677,19.104973,21.095023,21.023796,22.0,21.023796,20.099751,18.027756,15.033296,12.0,8.246211,7.071068,8.062258
20260626_180449,2026-06-26T09:05:00.796758Z,skeleton,RX2,9.433981,10.630146,12.206556,12.529964,13.416408,14.764823,14.317821,13.416408,12.529964,11.661904,9.433981,7.81025,5.0,1.414214,1.0,4.472136,8.246211,12.165525,14.0,16.124515,17.720045,18.384776,17.492856,15.620499,13.601471,10.77033,21.023796,24.186773,24.698178,25.238859,23.600847,21.400935,18.601075,16.124515,13.928388,12.041595,12.041595,12.649111,13.0,13.416408,14.764823,15.264338,14.422205,15.811388,15.620499,15.620499,14.866069,14.21267,13.038405,11.18034,10.440307,9.0
20260626_180449,2026-06-26T09:05:00.826069Z,skeleton,RX3,26.305893,25.495098,23.537205,19.646883,16.278821,12.041595,9.055385,7.615773,6.403124,7.211103,8.944272,10.440307,11.401754,12.369317,13.601471,13.341664,14.56022,13.341664,13.152946,12.165525,12.041595,11.045361,11.045361,10.198039,9.219544,8.246211,13.152946,9.055385,4.123106,3.0,7.071068,11.401754,14.866069,17.691806,19.104973,20.0,19.723083,18.788294,17.088007,15.524175,13.152946,12.041595,10.049876,8.062258,6.324555,5.656854,7.615773,11.18034,15.033296,19.104973,23.194827,25.179357
20260626_180449,2026-06-26T09:05:00.856044Z,skeleton,RX1,13.892444,16.643317,18.027756,18.027756,16.643317,15.811388,13.601471,11.401754,8.485281,7.211103,6.324555,6.082763,6.082763,6.324555,7.211103,7.81025,7.071068,7.211103,6.708204,7.071068,8.062258,9.219544,10.440307,10.77033,11.18034,11.18034,24.698178,25.96151,27.658633,27.166155,25.079872,22.0,17.029386,12.041595,7.071068,4.472136,7.28011,11.18034,14.317821,17.464249,19.313208,20.880613,21.84033,21.587033,21.377558,20.396078,18.248288,16.278821,11.7047,8.062258,7.615773,8.062258
20260626_180449,2026-06-26T09:05:00.885497Z,skeleton,RX2,17.464249,15.524175,13.341664,11.401754,8.246211,5.385165,4.242641,3.0,5.385165,7.211103,9.219544,10.816654,13.038405,13.416408,14.866069,15.297059,15.033296,13.152946,10.77033,7.211103,4.472136,2.236068,4.0,6.708204,9.219544,10.816654,11.7047,11.18034,12.041595,13.601471,16.552945,18.788294,21.023796,21.931712,22.472205,21.18962,19.924859,17.720045,15.524175,13.601471,10.77033,10.29563,9.219544,8.602325,8.944272,10.198039,12.041595,13.0,14.142136,16.278821,17.464249,18.439089
20260626_180449,2026-06-26T09:05:00.915502Z,skeleton,RX3,29.274562,28.284271,26.172505,21.095023,18.248288,14.317821,10.77033,8.602325,7.81025,8.544004,9.219544,11.045361,12.041595,13.0,14.035669,15.033296,14.035669,15.033296,14.0,13.038405,12.165525,12.165525,10.440307,10.77033,9.848858,8.544004,12.529964,8.602325,3.605551,3.605551,8.246211,13.341664,16.492423,18.973666,20.615528,21.470911,21.633308,20.615528,19.104973,17.029386,15.264338,13.038405,11.661904,8.062258,7.071068,7.28011,9.0,13.341664,17.464249,21.84033,25.0,27.658633
20260626_180449,2026-06-26T09:05:00.946171Z,skeleton,RX1,19.104973,16.278821,12.806248,8.944272,7.071068,7.071068,7.211103,7.81025,7.81025,8.062258,8.544004,8.246211,7.071068,7.0,7.071068,7.28011,8.062258,8.602325,9.219544,9.899495,9.899495,9.219544,8.602325,7.615773,6.082763,5.0,4.242641,4.123106,7.81025,12.041595,17.029386,20.518285,24.758837,27.018512,27.45906,26.41969,25.495098,22.472205,18.027756,15.811388,11.7047,7.615773,4.242641,4.123106,7.81025,12.041595,15.620499,19.209373,22.022716,24.083189,25.495098,24.041631
20260626_180449,2026-06-26T09:05:00.975871Z,skeleton,RX2,8.062258,9.848858,10.816654,11.401754,12.041595,12.806248,12.041595,12.041595,11.401754,10.0,8.062258,6.708204,4.123106,1.0,1.414214,5.09902,8.062258,11.045361,13.341664,15.231546,16.124515,17.029386,15.620499,13.892444,11.7047,9.055385,21.260292,23.345235,24.083189,24.839485,22.803509,21.400935,18.439089,15.556349,13.601471,12.083046,12.165525,13.038405,13.038405,14.142136,15.297059,15.297059,15.524175,15.811388,15.811388,15.231546,14.317821,14.764823,13.038405,11.401754,10.630146,8.944272
20260626_180449,2026-06-26T09:05:01.005748Z,skeleton,RX3,27.018512,26.0,24.0,20.0,17.0,13.038405,10.198039,8.062258,7.81025,7.615773,9.219544,10.198039,12.165525,13.341664,13.341664,14.317821,14.317821,14.317821,14.142136,13.038405,13.0,12.041595,12.165525,11.401754,10.440307,9.486833,11.661904,8.062258,4.242641,2.236068,6.324555,10.440307,14.56022,17.088007,17.888544,18.867962,18.601075,17.691806,16.278821,14.422205,13.416408,12.083046,9.848858,7.615773,6.403124,6.708204,8.062258,11.045361,15.297059,20.396078,23.345235,26.172505
20260626_180449,2026-06-26T09:05:01.035238Z,skeleton,RX1,20.024984,16.0,12.165525,9.486833,7.81025,6.708204,8.062258,8.0,9.055385,9.219544,9.486833,8.944272,8.062258,8.602325,8.485281,8.602325,8.544004,9.486833,10.198039,11.18034,10.049876,10.0,9.055385,8.062258,6.324555,5.0,5.385165,3.605551,6.324555,11.18034,16.124515,20.396078,23.769729,26.248809,26.925824,25.942244,24.698178,22.203603,17.804494,14.866069,10.630146,6.403124,3.162278,3.162278,7.0,11.045361,15.033296,19.026298,22.0,24.0,25.019992,24.083189
20260626_180449,2026-06-26T09:05:01.065586Z,skeleton,RX2,8.246211,10.0,11.045361,12.369317,13.341664,13.601471,13.601471,12.369317,12.369317,10.198039,8.062258,6.082763,4.0,1.0,2.236068,5.385165,8.062258,11.401754,14.142136,15.811388,17.0,17.088007,16.278821,15.0,13.152946,9.848858,21.18962,23.769729,23.537205,24.33105,23.194827,21.213203,18.248288,15.524175,13.416408,12.206556,11.313708,12.206556,13.416408,13.0,14.56022,14.56022,15.297059,15.297059,15.132746,15.132746,14.035669,14.0,12.041595,11.18034,9.848858,8.602325
20260626_180449,2026-06-26T09:05:01.095588Z,skeleton,RX3,26.870058,25.455844,23.345235,19.849433,16.278821,12.041595,9.433981,7.28011,7.0,7.615773,8.944272,10.816654,10.816654,12.206556,13.038405,13.892444,14.422205,14.422205,13.601471,12.806248,12.041595,12.041595,11.401754,10.816654,10.29563,8.944272,12.165525,9.219544,5.0,3.162278,6.708204,10.29563,13.892444,16.552945,18.027756,18.681542,18.248288,18.027756,17.029386,15.297059,13.601471,11.7047,9.848858,8.544004,6.082763,6.324555,7.81025,12.041595,15.0,19.416488,23.600847,25.612497
20260626_180449,2026-06-26T09:05:01.126889Z,skeleton,RX1,15.652476,18.788294,19.697716,19.313208,18.788294,17.464249,14.866069,12.649111,11.18034,9.0,8.062258,7.28011,7.211103,7.071068,7.211103,7.211103,7.28011,7.071068,7.071068,6.708204,7.211103,8.485281,9.219544,9.219544,10.29563,10.29563,23.600847,26.248809,26.870058,27.018512,24.413111,21.095023,17.0,11.18034,6.403124,3.162278,6.708204,11.18034,15.231546,18.35756,19.723083,21.633308,22.803509,22.022716,21.931712,20.518285,19.104973,15.620499,13.038405,8.246211,7.28011,9.899495
20260626_180449,2026-06-26T09:05:01.155968Z,skeleton,RX2,17.117243,16.03122,14.035669,11.045361,9.0,6.082763,3.605551,4.123106,6.082763,8.246211,10.440307,11.401754,13.152946,15.033296,16.03122,15.297059,14.866069,12.529964,10.630146,7.211103,4.123106,2.0,5.0,8.062258,10.77033,12.165525,13.416408,12.649111,13.0,15.132746,17.720045,20.880613,22.803509,23.537205,23.345235,23.194827,21.023796,19.026298,16.03122,14.035669,12.165525,10.440307,8.944272,9.219544,10.0,11.18034,11.7047,14.317821,16.124515,17.029386,18.027756,19.026298
20260626_180449,2026-06-26T09:05:01.185499Z,skeleton,RX3,9.433981,10.630146,13.038405,14.317821,15.231546,16.155494,16.155494,15.231546,14.317821,13.416408,12.529964,10.29563,9.848858,8.544004,7.28011,7.0,7.071068,7.28011,8.062258,7.81025,7.81025,7.81025,7.071068,7.211103,6.708204,5.09902,17.464249,20.396078,21.213203,22.090722,21.023796,20.0,17.0,14.142136,11.045361,7.071068,4.0,2.828427,3.0,5.0,7.071068,9.0,10.0,12.041595,13.341664,14.56022,15.231546,16.552945,15.652476,14.317821,13.0,10.198039
20260626_180449,2026-06-26T09:05:01.215239Z,skeleton,RX1,20.248457,17.0,13.0,9.219544,9.055385,8.544004,8.485281,8.602325,8.944272,8.944272,9.486833,9.219544,9.055385,9.0,8.062258,8.246211,8.944272,9.433981,10.0,9.899495,9.219544,9.219544,8.602325,7.211103,5.385165,4.0,5.0,3.162278,6.403124,11.18034,15.652476,20.59126,23.853721,25.612497,26.172505,25.495098,23.600847,21.095023,17.888544,14.317821,10.29563,5.830952,3.162278,4.242641,8.062258,12.083046,16.552945,20.124612,21.954498,24.698178,25.553865,25.238859
20260626_180449,2026-06-26T09:05:01.245625Z,skeleton,RX2,18.973666,18.027756,15.811388,12.649111,10.440307,6.708204,4.242641,4.0,5.385165,7.211103,9.219544,11.401754,13.038405,14.764823,14.866069,15.297059,15.033296,14.035669,11.7047,8.062258,5.0,3.162278,5.09902,7.28011,10.0,12.041595,13.152946,12.041595,13.928388,15.264338,18.601075,21.400935,23.600847,24.413111,24.698178,24.186773,22.36068,20.124612,16.552945,14.764823,13.038405,12.041595,10.0,9.848858,11.401754,12.041595,14.035669,15.297059,16.492423,18.681542,19.924859,20.248457
20260626_180449,2026-06-26T09:05:01.275277Z,skeleton,RX3,9.055385,10.77033,12.206556,14.21267,15.556349,16.278821,16.278821,14.866069,13.453624,13.453624,12.041595,10.630146,9.219544,7.81025,6.403124,6.708204,6.082763,6.0,6.082763,6.324555,6.708204,5.830952,5.656854,5.0,4.472136,4.123106,18.681542,20.880613,22.472205,22.847319,21.931712,20.124612,17.492856,13.892444,10.816654,7.615773,5.09902,3.605551,5.0,6.708204,7.615773,9.848858,11.661904,13.601471,15.0,16.278821,17.691806,17.029386,17.029386,16.278821,12.727922,10.816654
20260626_180449,2026-06-26T09:05:01.305555Z,skeleton,RX1,19.026298,16.0,12.041595,9.486833,7.211103,6.708204,7.071068,8.062258,8.246211,8.544004,8.944272,8.062258,7.81025,8.485281,8.062258,8.544004,9.486833,10.049876,10.0,11.0,10.049876,9.055385,8.246211,7.615773,6.708204,5.656854,5.09902,4.242641,7.28011,12.041595,17.029386,21.213203,25.317978,26.925824,27.513633,27.313001,25.059928,22.472205,18.601075,15.0,11.401754,7.211103,4.0,3.605551,7.071068,11.0,15.033296,19.026298,22.022716,24.0,25.019992,24.020824
20260626_180449,2026-06-26T09:05:01.336955Z,skeleton,RX2,9.055385,9.219544,10.440307,12.083046,13.416408,13.416408,13.416408,13.416408,12.083046,10.77033,9.219544,6.324555,4.123106,2.0,2.0,5.09902,8.544004,11.18034,14.422205,16.278821,17.691806,17.492856,16.552945,15.524175,13.038405,10.198039,21.470911,23.769729,24.698178,25.0,23.769729,21.587033,18.681542,16.155494,13.892444,12.727922,12.206556,13.0,13.601471,13.341664,14.142136,15.132746,15.132746,15.033296,15.0,15.033296,15.033296,14.142136,13.341664,11.7047,10.29563,8.485281
20260626_180449,2026-06-26T09:05:01.365307Z,skeleton,RX3,25.96151,25.70992,23.345235,20.396078,15.524175,12.649111,10.29563,7.81025,8.062258,8.246211,9.055385,11.0,11.0,12.0,13.038405,13.0,14.035669,14.0,13.0,13.038405,12.165525,11.18034,10.440307,9.848858,8.944272,8.944272,12.041595,8.602325,4.472136,2.828427,7.071068,11.045361,15.033296,17.117243,18.439089,18.681542,18.384776,17.888544,16.643317,14.866069,13.453624,11.401754,10.0,7.81025,6.403124,6.324555,8.062258,11.401754,15.231546,19.313208,23.4094,25.298221
20260626_180449,2026-06-26T09:05:01.395186Z,skeleton,RX1,14.142136,16.278821,17.691806,17.029386,16.278821,14.866069,12.806248,10.816654,8.944272,7.28011,7.0,6.082763,6.324555,6.403124,7.071068,7.071068,7.211103,6.708204,7.071068,7.0,8.246211,9.486833,9.848858,10.29563,10.816654,10.816654,24.083189,25.612497,26.627054,26.41969,24.166092,21.540659,16.763055,11.7047,6.708204,4.123106,7.211103,10.630146,14.142136,17.029386,19.209373,20.808652,21.633308,21.095023,21.470911,20.124612,17.888544,14.764823,11.401754,8.485281,7.071068,8.062258
20260626_180449,2026-06-26T09:05:01.425577Z,skeleton,RX2,8.062258,10.198039,11.045361,13.0,13.038405,14.035669,14.035669,13.038405,12.0,11.0,9.055385,7.071068,5.09902,2.236068,3.605551,7.81025,10.630146,13.038405,15.231546,16.763055,17.262677,16.0,15.297059,13.0,10.0,20.024984,22.0,24.020824,24.083189,22.203603,20.223748,17.117243,15.0,12.165525,10.77033,10.816654,11.313708,12.806248,13.038405,13.892444,14.317821,14.317821,14.317821,14.866069,14.56022,14.317821,14.142136,13.038405,12.0,10.198039,8.944272,14.292516
20260626_180449,2026-06-26T09:05:01.455167Z,skeleton,RX3,8.544004,10.0,12.165525,14.56022,14.866069,15.811388,15.811388,15.524175,14.56022,13.341664,11.401754,10.198039,9.219544,7.615773,6.708204,6.403124,6.403124,6.708204,7.071068,7.071068,7.0,7.071068,7.071068,6.324555,5.830952,5.656854,18.439089,20.518285,21.931712,22.671568,22.022716,20.0,18.027756,13.892444,10.816654,8.062258,5.656854,4.123106,4.123106,5.830952,7.81025,9.433981,11.661904,13.416408,14.317821,15.811388,16.492423,17.262677,16.278821,15.297059,13.601471,11.18034
20260626_180449,2026-06-26T09:05:01.485636Z,skeleton,RX1,20.396078,17.464249,13.928388,10.29563,8.485281,7.615773,8.0,8.062258,8.544004,8.944272,8.944272,8.602325,7.81025,7.81025,8.062258,7.28011,8.062258,9.0,9.055385,10.198039,9.219544,8.246211,7.615773,5.830952,5.656854,4.472136,4.123106,2.828427,6.0,11.18034,16.124515,20.099751,24.020824,26.07681,26.172505,25.70992,24.041631,21.540659,17.464249,14.317821,9.848858,6.324555,3.162278,5.0,8.062258,12.369317,16.763055,19.924859,22.803509,25.70992,25.495098,25.495098
20260626_180449,2026-06-26T09:05:01.517178Z,skeleton,RX2,20.099751,18.248288,16.124515,13.152946,10.198039,7.071068,4.123106,2.236068,4.0,6.324555,8.544004,10.440307,12.165525,13.038405,15.033296,15.297059,14.866069,13.038405,10.630146,8.062258,5.0,3.605551,6.082763,8.602325,10.0,12.083046,13.892444,12.649111,14.035669,16.03122,19.416488,22.561028,24.515301,25.317978,25.179357,25.079872,23.021729,20.024984,18.027756,16.03122,14.142136,12.649111,11.18034,11.401754,11.313708,12.206556,13.416408,15.811388,16.492423,18.248288,20.099751,20.099751
20260626_180449,2026-06-26T09:05:01.545239Z,skeleton,RX3,26.07681,25.238859,23.021729,19.416488,15.811388,12.529964,9.486833,7.0,6.324555,7.211103,8.485281,9.899495,10.630146,12.041595,12.727922,13.453624,13.453624,13.453624,12.806248,12.206556,11.661904,11.18034,10.77033,9.486833,9.219544,8.246211,13.038405,9.0,5.09902,3.162278,7.211103,10.816654,15.0,17.492856,19.235384,19.313208,18.973666,18.248288,17.029386,15.033296,14.142136,12.165525,9.219544,8.246211,7.0,6.708204,7.81025,11.18034,15.231546,18.788294,22.36068,24.596748
20260626_180449,2026-06-26T09:05:01.576102Z,skeleton,RX1,16.401219,13.601471,10.29563,8.246211,6.082763,5.830952,6.403124,7.211103,7.615773,8.246211,8.246211,8.062258,7.0,7.071068,7.28011,8.062258,7.81025,9.219544,9.899495,9.219544,9.219544,8.602325,8.062258,6.708204,6.082763,5.0,5.0,4.0,6.403124,10.630146,14.21267,18.439089,21.213203,23.430749,23.600847,22.472205,21.931712,19.313208,15.811388,13.601471,9.219544,6.324555,2.828427,3.162278,6.403124,9.433981,12.529964,16.124515,18.867962,20.808652,21.400935,21.400935
20260626_180449,2026-06-26T09:05:01.605701Z,skeleton,RX2,8.062258,9.219544,9.848858,11.661904,12.206556,12.206556,12.206556,12.206556,10.816654,10.29563,8.544004,6.324555,4.123106,2.236068,2.236068,4.123106,8.062258,11.045361,13.601471,15.652476,16.643317,16.278821,15.620499,13.892444,11.401754,9.0,20.808652,23.021729,25.553865,24.596748,23.259407,21.023796,19.235384,15.811388,14.142136,12.806248,12.083046,12.369317,13.152946,14.035669,15.0,16.03122,15.033296,16.124515,16.124515,15.297059,15.524175,14.866069,14.317821,12.529964,10.816654,9.219544
20260626_180449,2026-06-26T09:05:01.635734Z,skeleton,RX3,8.602325,10.0,12.529964,13.928388,14.56022,15.524175,15.811388,14.866069,13.601471,13.0,11.7047,9.848858,8.544004,7.28011,7.071068,6.0,6.324555,5.830952,6.403124,6.403124,6.708204,6.324555,6.082763,5.0,5.09902,4.472136,18.248288,21.213203,23.086793,23.021729,22.0,21.023796,18.027756,15.033296,11.045361,8.0,5.09902,4.242641,4.123106,6.0,8.0,10.0,12.041595,13.152946,14.317821,16.492423,17.088007,17.088007,16.552945,15.231546,13.601471,11.045361
20260626_180449,2026-06-26T09:05:01.671124Z,skeleton,RX1,14.142136,16.278821,17.262677,18.248288,17.262677,15.297059,13.341664,11.401754,9.848858,8.602325,7.81025,6.708204,7.28011,7.071068,8.0,8.062258,7.28011,8.062258,7.81025,7.81025,8.944272,9.486833,10.198039,10.198039,11.045361,11.045361,24.083189,26.305893,27.658633,26.248809,25.079872,21.470911,17.0,12.529964,6.708204,3.605551,6.082763,10.0,14.035669,16.0,18.027756,20.099751,20.223748,21.377558,20.615528,19.646883,17.720045,14.317821,11.045361,8.062258,6.403124,8.246211
20260626_180449,2026-06-26T09:05:01.695479Z,skeleton,RX2,18.601075,17.804494,15.620499,12.806248,10.0,6.403124,4.472136,2.236068,3.162278,6.0,8.062258,10.049876,11.401754,13.601471,14.764823,15.0,14.142136,13.038405,10.440307,7.0,4.472136,4.123106,5.0,7.615773,10.198039,12.0,14.317821,13.601471,13.453624,16.124515,18.384776,21.540659,23.769729,24.166092,24.596748,24.186773,21.954498,20.248457,17.492856,16.124515,14.317821,12.649111,11.18034,11.0,11.18034,11.7047,13.038405,14.21267,15.556349,17.029386,18.439089,19.209373
20260626_180449,2026-06-26T09:05:01.725540Z,skeleton,RX3,9.219544,10.77033,13.341664,15.132746,16.124515,17.117243,16.124515,15.132746,15.132746,13.152946,12.041595,11.045361,9.055385,9.0,7.071068,7.28011,7.211103,7.071068,7.211103,8.062258,7.615773,7.28011,7.071068,7.0,6.082763,5.385165,18.11077,20.099751,22.022716,23.0,22.022716,20.099751,17.262677,14.142136,10.198039,7.28011,4.0,2.236068,4.0,5.09902,7.28011,9.219544,11.045361,13.0,14.035669,15.297059,15.524175,15.811388,15.524175,13.601471,12.165525,10.0
20260626_180449,2026-06-26T09:05:01.755253Z,skeleton,RX1,14.764823,18.35756,19.235384,19.235384,18.35756,16.124515,15.264338,12.206556,10.630146,9.219544,8.062258,7.28011,7.071068,8.0,7.28011,7.28011,7.615773,7.211103,7.071068,6.708204,7.28011,9.055385,10.0,10.0,10.198039,10.198039,23.259407,24.351591,25.96151,25.317978,24.083189,21.0,16.03122,11.045361,5.09902,3.162278,6.708204,10.816654,13.892444,17.0,18.788294,20.248457,21.18962,20.880613,20.615528,19.416488,17.464249,14.56022,11.7047,9.219544,7.615773,10.198039
20260626_180449,2026-06-26T09:05:01.786291Z,skeleton,RX2,8.602325,10.630146,11.661904,12.083046,13.0,13.928388,13.928388,13.0,13.0,11.18034,9.433981,7.81025,5.656854,3.605551,1.0,2.828427,5.830952,9.486833,12.369317,14.035669,16.03122,16.492423,15.231546,14.422205,12.041595,9.433981,20.248457,21.931712,23.706539,23.323808,21.954498,19.723083,18.35756,15.231546,12.369317,12.0,11.18034,12.083046,12.529964,13.601471,14.21267,14.866069,14.866069,15.556349,14.866069,15.620499,15.0,14.422205,13.416408,13.0,11.401754,10.0
20260626_180449,2026-06-26T09:05:01.816103Z,skeleton,RX3,27.45906,26.305893,24.186773,20.223748,17.117243,13.341664,9.486833,8.062258,7.071068,7.28011,8.062258,9.055385,10.049876,12.041595,12.041595,13.038405,13.038405,13.0,13.038405,12.0,11.045361,10.198039,9.486833,8.544004,7.615773,6.708204,12.727922,8.602325,4.472136,4.242641,8.246211,12.369317,16.278821,18.681542,19.924859,20.615528,20.59126,19.416488,18.439089,16.970563,14.21267,13.601471,10.816654,9.219544,7.81025,7.615773,9.0,12.165525,16.763055,19.924859,23.769729,25.96151
20260626_180449,2026-06-26T09:05:01.845366Z,skeleton,RX1,20.248457,17.204651,13.453624,11.401754,8.544004,8.0,7.28011,8.062258,8.602325,8.485281,9.219544,8.602325,8.062258,7.615773,8.062258,8.0,8.062258,9.486833,9.848858,9.848858,9.433981,8.602325,7.81025,6.403124,5.830952,4.123106,4.123106,3.0,6.708204,11.401754,16.401219,20.248457,24.186773,26.400758,26.925824,25.96151,24.515301,22.203603,18.027756,14.0,10.049876,6.324555,3.605551,5.09902,8.602325,12.806248,16.401219,20.615528,23.600847,25.0,26.627054,25.238859
20260626_180449,2026-06-26T09:05:01.875316Z,skeleton,RX2,17.720045,16.763055,14.866069,11.7047,9.486833,6.324555,4.0,2.828427,4.0,7.071068,9.055385,11.045361,13.0,14.142136,15.297059,15.231546,13.892444,13.453624,10.0,7.615773,4.0,3.162278,5.0,8.062258,10.440307,12.0,13.453624,12.529964,13.601471,15.033296,18.0,21.023796,23.021729,24.0,24.020824,23.086793,21.213203,19.235384,17.117243,14.142136,13.0,11.045361,10.198039,9.848858,10.0,10.630146,12.206556,13.892444,15.231546,16.763055,17.720045,18.681542
20260626_180449,2026-06-26T09:05:01.906089Z,skeleton,RX3,29.274562,28.284271,26.172505,22.203603,17.117243,14.317821,10.77033,8.602325,7.81025,8.544004,10.198039,11.045361,12.041595,13.038405,15.033296,15.033296,15.033296,15.0,14.0,14.035669,13.152946,12.369317,11.401754,10.77033,9.848858,8.544004,12.529964,8.602325,3.605551,4.242641,8.246211,13.341664,16.763055,19.313208,21.023796,21.954498,21.633308,20.518285,19.104973,17.804494,15.264338,13.038405,11.18034,9.433981,7.81025,7.28011,9.0,13.341664,17.464249,21.84033,25.70992,28.635642
20260626_180449,2026-06-26T09:05:01.935423Z,skeleton,RX1,11.401754,13.038405,13.038405,13.038405,13.038405,11.661904,10.29563,8.944272,7.28011,6.082763,5.09902,5.385165,5.0,5.0,5.830952,5.830952,5.385165,6.082763,6.0,6.082763,6.708204,8.062258,8.602325,8.602325,9.219544,8.485281,19.104973,20.518285,21.400935,21.095023,19.235384,16.552945,13.928388,9.848858,5.830952,3.162278,5.0,7.81025,10.630146,13.453624,14.866069,16.278821,16.401219,17.204651,16.643317,15.264338,13.892444,12.206556,9.219544,6.403124,5.0,6.403124
20260626_180449,2026-06-26T09:05:01.965962Z,skeleton,RX2,18.439089,17.464249,15.524175,12.369317,9.486833,7.28011,4.0,2.828427,3.0,5.385165,8.246211,10.198039,12.041595,13.0,14.142136,14.56022,14.317821,12.806248,10.0,7.615773,5.09902,3.162278,5.385165,8.485281,11.18034,12.369317,15.811388,14.317821,15.297059,16.0,19.104973,22.203603,24.186773,25.079872,25.019992,24.0,22.022716,20.024984,18.027756,16.0,14.035669,12.165525,11.401754,11.18034,11.401754,12.041595,13.038405,14.317821,16.155494,16.763055,18.681542,18.439089
20260626_180449,2026-06-26T09:05:01.996412Z,skeleton,RX3,29.068884,26.907248,24.839485,20.615528,17.029386,13.453624,10.0,8.544004,8.0,8.246211,9.433981,10.29563,11.661904,13.038405,13.892444,15.264338,14.764823,15.264338,14.422205,13.601471,12.806248,12.041595,11.313708,10.0,9.433981,8.602325,12.083046,8.544004,4.0,3.162278,7.28011,12.649111,15.811388,18.681542,20.396078,20.099751,20.024984,19.026298,17.262677,15.524175,13.928388,12.083046,9.848858,8.544004,7.071068,6.324555,8.602325,12.727922,17.029386,20.615528,24.083189,26.907248
20260626_180449,2026-06-26T09:05:02.026998Z,skeleton,RX1,14.0,16.03122,17.029386,17.117243,16.03122,15.033296,13.152946,11.18034,9.486833,8.062258,7.81025,7.211103,6.708204,7.28011,8.062258,8.0,7.071068,7.28011,7.211103,8.485281,8.602325,8.944272,9.848858,10.77033,11.401754,11.401754,24.083189,25.495098,26.925824,26.570661,25.079872,21.470911,17.492856,11.661904,6.708204,3.162278,6.082763,10.049876,13.0,16.03122,18.11077,19.235384,20.615528,20.615528,19.924859,18.973666,17.088007,14.866069,11.18034,8.0,6.403124,8.544004
20260626_180449,2026-06-26T09:05:02.057082Z,skeleton,RX2,8.062258,9.219544,10.0,10.198039,11.401754,12.369317,12.369317,12.369317,11.18034,10.198039,9.0,7.0,5.09902,2.828427,1.414214,4.123106,7.071068,9.848858,12.206556,14.866069,15.0,16.124515,15.811388,14.142136,12.041595,9.848858,20.615528,23.4094,25.298221,25.0,23.537205,21.587033,19.646883,17.088007,14.764823,13.453624,12.806248,13.892444,13.928388,14.866069,14.56022,15.524175,15.297059,15.132746,16.124515,15.033296,16.0,15.033296,14.142136,13.341664,11.7047,10.29563
20260626_180449,2026-06-26T09:05:02.089782Z,skeleton,RX3,28.284271,27.166155,25.079872,21.095023,17.117243,14.142136,10.440307,8.062258,7.071068,7.615773,9.219544,10.198039,11.045361,12.041595,13.152946,13.152946,14.142136,14.035669,13.038405,12.0,12.041595,11.18034,10.440307,9.486833,8.544004,7.615773,11.313708,7.81025,4.472136,4.242641,8.544004,12.369317,15.524175,17.720045,20.248457,20.124612,19.723083,20.0,17.691806,16.278821,15.0,13.038405,10.816654,8.602325,7.81025,7.615773,9.0,12.165525,16.492423,20.880613,24.738634,26.683328
20260626_180449,2026-06-26T09:05:02.115361Z,skeleton,RX1,11.313708,13.453624,13.453624,13.453624,13.453624,12.041595,10.816654,9.433981,8.062258,7.28011,6.082763,6.082763,6.324555,5.830952,5.830952,6.403124,6.403124,5.830952,6.324555,6.082763,7.071068,7.28011,7.615773,8.062258,8.944272,8.062258,18.027756,19.723083,21.023796,20.248457,19.646883,17.262677,14.142136,10.049876,6.082763,2.828427,3.605551,7.071068,9.899495,12.041595,13.601471,15.264338,16.124515,16.124515,15.652476,14.317821,13.0,11.18034,9.433981,5.656854,5.09902,6.708204
20260626_180449,2026-06-26T09:05:02.145535Z,skeleton,RX2,9.055385,9.055385,10.77033,11.661904,12.529964,12.206556,13.601471,13.038405,12.206556,11.661904,9.848858,8.544004,6.082763,4.0,1.0,2.0,6.082763,9.486833,12.083046,13.601471,15.556349,16.401219,15.652476,14.56022,13.038405,10.198039,19.104973,21.213203,23.345235,22.803509,22.203603,20.0,18.439089,16.278821,13.601471,12.529964,11.401754,12.165525,13.0,13.038405,14.142136,14.142136,14.317821,14.56022,14.56022,14.866069,14.317821,14.764823,13.601471,12.806248,12.041595,10.816654
20260626_180449,2026-06-26T09:05:02.175329Z,skeleton,RX3,8.544004,10.630146,12.806248,14.422205,15.264338,16.643317,15.811388,15.0,13.601471,13.601471,11.401754,10.0,8.602325,8.062258,7.615773,7.071068,6.0,7.28011,7.615773,7.211103,7.81025,7.81025,7.071068,7.211103,6.708204,5.385165,17.464249,20.615528,21.84033,22.135944,21.540659,19.697716,17.0,13.892444,10.29563,6.708204,4.123106,2.236068,3.162278,5.09902,7.071068,9.219544,10.77033,12.083046,13.892444,14.422205,15.620499,15.556349,14.866069,13.453624,11.401754,8.944272
20260626_180449,2026-06-26T09:05:02.205376Z,skeleton,RX1,20.024984,18.027756,14.142136,10.77033,8.602325,7.81025,8.544004,8.062258,9.0,9.055385,9.219544,9.219544,8.544004,8.062258,7.81025,7.81025,8.602325,9.848858,9.486833,10.198039,10.198039,9.055385,8.062258,7.0,5.09902,4.472136,5.09902,2.828427,6.0,11.18034,15.297059,20.099751,23.021729,25.019992,26.172505,25.70992,24.041631,21.18962,17.464249,13.892444,9.848858,6.324555,3.162278,4.123106,8.0,12.165525,16.278821,20.223748,22.203603,25.079872,26.019224,25.019992
20260626_180449,2026-06-26T09:05:02.235700Z,skeleton,RX2,10.049876,10.198039,10.77033,11.18034,11.401754,12.806248,12.806248,12.806248,11.401754,10.816654,9.433981,7.615773,5.385165,3.162278,1.0,3.162278,6.324555,9.848858,12.206556,14.866069,15.620499,16.124515,16.155494,14.317821,13.0,10.440307,19.924859,22.472205,24.166092,24.596748,22.825424,21.095023,19.235384,16.552945,14.56022,13.152946,13.0,13.152946,13.341664,13.601471,13.928388,14.866069,14.317821,14.317821,14.764823,14.422205,13.601471,13.453624,13.453624,12.806248,12.529964,12.083046
20260626_180449,2026-06-26T09:05:02.265503Z,skeleton,RX3,8.062258,9.899495,12.206556,13.892444,15.231546,15.231546,15.652476,14.764823,13.892444,11.661904,10.816654,9.433981,8.062258,7.615773,6.324555,6.0,6.324555,5.830952,7.211103,7.071068,7.071068,7.211103,6.708204,6.324555,6.082763,5.0,19.026298,21.023796,23.0,23.021729,22.090722,20.223748,18.248288,14.317821,11.18034,8.062258,5.0,3.605551,4.472136,6.082763,8.062258,9.219544,11.401754,12.649111,13.928388,15.231546,16.124515,16.124515,15.811388,13.892444,12.529964,9.486833
20260626_180449,2026-06-26T09:05:02.296287Z,skeleton,RX1,16.03122,13.0,10.049876,8.246211,6.403124,6.708204,7.071068,7.0,8.062258,8.246211,8.246211,7.615773,7.211103,7.211103,7.071068,7.211103,7.615773,8.544004,9.219544,9.055385,9.055385,8.0,8.0,7.071068,5.09902,4.472136,5.385165,3.162278,5.385165,9.219544,13.152946,16.278821,19.646883,20.880613,22.472205,22.36068,21.095023,18.601075,15.620499,12.041595,9.219544,6.403124,3.162278,2.236068,6.0,9.055385,13.038405,16.03122,19.026298,20.0,21.023796,20.024984
20260626_180449,2026-06-26T09:05:02.325515Z,skeleton,RX2,17.691806,16.278821,15.620499,13.453624,10.630146,8.485281,6.403124,4.472136,4.123106,5.0,7.81025,9.219544,10.816654,12.529964,13.928388,14.317821,13.0,12.165525,9.848858,7.211103,4.472136,2.236068,4.123106,7.211103,9.219544,10.77033,15.0,14.764823,14.866069,16.492423,19.104973,21.095023,22.203603,23.345235,23.537205,21.84033,20.248457,18.384776,15.811388,14.56022,12.369317,12.165525,12.0,12.041595,12.165525,13.601471,13.928388,14.317821,15.264338,15.811388,16.401219,17.029386
20260626_180449,2026-06-26T09:05:02.355347Z,skeleton,RX3,9.219544,11.18034,12.806248,15.620499,16.278821,16.278821,16.278821,15.620499,15.0,13.601471,12.806248,11.401754,10.0,8.485281,7.81025,6.708204,7.28011,7.071068,8.0,8.062258,8.246211,7.615773,7.615773,6.403124,5.656854,5.0,15.297059,17.464249,19.924859,19.313208,19.697716,17.888544,14.764823,11.661904,8.944272,5.830952,4.0,2.828427,4.472136,6.324555,7.28011,9.848858,11.18034,13.038405,13.601471,14.866069,15.556349,15.620499,15.620499,13.453624,12.041595,9.433981
20260626_180449,2026-06-26T09:05:02.389306Z,skeleton,RX1,14.866069,16.763055,17.720045,17.464249,15.811388,14.56022,12.369317,10.049876,9.055385,7.615773,7.211103,7.071068,7.211103,7.615773,8.544004,8.246211,8.062258,8.0,7.28011,7.211103,8.485281,9.433981,10.29563,11.18034,12.083046,12.083046,24.186773,26.627054,27.658633,27.586228,26.248809,22.803509,18.027756,13.038405,7.071068,4.0,6.403124,11.18034,14.317821,17.0,18.35756,21.095023,20.808652,21.400935,21.260292,19.849433,17.691806,14.866069,11.661904,7.615773,6.324555,8.602325
20260626_180449,2026-06-26T09:05:02.415352Z,skeleton,RX2,16.278821,15.132746,15.033296,13.038405,11.0,9.0,6.0,4.123106,2.828427,3.0,5.09902,7.071068,9.055385,10.0,11.18034,12.649111,11.661904,11.313708,10.0,7.615773,5.0,2.828427,3.162278,5.0,7.28011,8.062258,15.652476,15.264338,15.620499,16.970563,17.029386,19.209373,20.615528,20.615528,21.260292,19.79899,19.104973,17.691806,16.278821,14.866069,13.453624,12.806248,12.206556,11.661904,12.529964,12.649111,12.369317,12.165525,13.038405,14.0,15.033296,15.132746
20260626_180449,2026-06-26T09:05:02.445322Z,skeleton,RX3,8.062258,10.440307,12.083046,14.422205,15.811388,15.811388,15.811388,15.264338,14.422205,13.038405,11.661904,10.29563,9.433981,8.062258,7.071068,5.830952,5.385165,5.09902,5.09902,6.324555,5.385165,5.830952,5.656854,5.0,4.472136,4.123106,19.104973,21.213203,21.931712,23.430749,22.022716,20.0,17.204651,14.422205,10.0,7.071068,4.472136,3.162278,5.0,6.403124,9.219544,10.630146,12.727922,14.21267,15.811388,16.643317,17.888544,17.888544,16.155494,15.652476,13.038405,10.0
20260626_180449,2026-06-26T09:05:02.477225Z,skeleton,RX1,15.132746,17.262677,18.248288,17.262677,16.278821,15.297059,13.341664,10.77033,8.944272,6.403124,6.403124,6.708204,7.28011,8.062258,8.0,8.0,7.071068,7.28011,5.830952,6.403124,6.708204,9.219544,10.049876,11.045361,12.041595,11.045361,23.086793,25.495098,26.172505,26.019224,24.020824,21.213203,16.278821,11.18034,6.0,4.472136,7.071068,11.401754,14.56022,17.262677,19.235384,20.099751,21.023796,21.0,21.023796,19.026298,18.027756,15.0,12.041595,8.544004,7.81025,9.055385
20260626_180449,2026-06-26T09:05:02.505766Z,skeleton,RX2,12.529964,12.206556,11.313708,11.661904,12.083046,13.0,12.649111,13.0,13.0,12.529964,11.661904,10.0,7.81025,5.830952,3.162278,1.414214,2.828427,6.324555,9.055385,11.18034,12.649111,13.038405,13.453624,13.038405,11.7047,10.049876,20.518285,22.803509,25.0,25.238859,24.698178,23.323808,22.472205,19.416488,17.804494,16.970563,15.620499,15.264338,15.652476,15.231546,15.811388,15.811388,15.524175,16.492423,17.262677,17.117243,17.029386,17.029386,17.0,17.029386,16.124515,15.297059
20260626_180449,2026-06-26T09:05:02.535156Z,skeleton,RX3,26.476405,25.70992,22.803509,19.646883,15.524175,12.165525,9.0,7.28011,6.403124,7.211103,8.944272,9.848858,11.7047,12.083046,13.0,13.0,14.317821,13.0,13.0,12.649111,12.369317,11.045361,11.045361,10.049876,10.049876,9.055385,11.401754,8.246211,3.605551,3.162278,7.81025,11.401754,15.0,17.029386,19.104973,19.849433,18.601075,18.35756,16.155494,14.56022,13.341664,11.18034,9.055385,7.28011,5.830952,6.403124,8.246211,11.045361,15.033296,20.024984,23.086793,25.179357
20260626_180449,2026-06-26T09:05:02.569865Z,skeleton,RX1,16.492423,14.142136,11.0,9.055385,7.615773,7.071068,8.062258,7.615773,8.246211,8.246211,8.062258,8.0,7.0,7.071068,7.615773,8.062258,9.219544,9.219544,9.899495,10.630146,9.899495,9.899495,8.485281,6.403124,5.830952,4.472136,5.0,3.605551,6.082763,9.0,13.038405,16.0,19.026298,21.213203,21.587033,20.880613,19.697716,17.0,14.422205,11.661904,8.602325,5.830952,3.0,3.605551,6.082763,10.049876,13.0,16.03122,18.11077,20.223748,20.223748,20.396078
20260626_180449,2026-06-26T09:05:02.595395Z,skeleton,RX2,16.401219,16.401219,15.0,13.601471,12.206556,10.0,7.81025,6.403124,6.324555,6.0,7.071068,8.062258,10.049876,11.0,12.041595,12.165525,11.7047,10.816654,9.219544,7.211103,4.123106,1.414214,2.828427,5.385165,7.071068,9.055385,14.56022,14.317821,15.033296,17.0,19.026298,20.024984,21.023796,22.0,21.023796,20.099751,18.248288,17.262677,15.132746,14.035669,13.0,13.038405,12.165525,13.341664,13.601471,14.866069,15.231546,15.231546,15.652476,16.124515,16.643317,16.643317
20260626_180449,2026-06-26T09:05:02.625194Z,skeleton,RX3,28.0,27.018512,24.083189,20.099751,17.029386,13.0,9.055385,7.615773,7.071068,7.211103,8.246211,9.219544,10.198039,11.18034,12.165525,13.152946,13.341664,12.165525,12.165525,11.045361,11.0,10.049876,9.219544,8.246211,7.28011,6.324555,11.18034,7.81025,4.472136,5.0,10.0,13.892444,17.492856,20.248457,21.400935,21.260292,21.213203,20.615528,18.027756,17.0,14.866069,12.649111,10.440307,8.944272,7.211103,6.708204,9.219544,13.038405,16.03122,21.095023,25.079872,27.018512
20260626_180449,2026-06-26T09:05:02.657034Z,skeleton,RX1,20.099751,17.0,13.038405,11.401754,9.433981,9.219544,8.944272,9.486833,10.440307,10.198039,10.049876,10.049876,9.0,9.055385,9.219544,8.944272,9.433981,10.0,10.630146,12.041595,12.041595,11.313708,9.899495,9.219544,7.211103,5.830952,5.385165,4.472136,7.071068,11.7047,16.155494,18.973666,22.561028,24.33105,25.079872,24.0,23.194827,20.396078,16.492423,13.601471,9.219544,7.071068,4.123106,5.385165,8.0,12.041595,16.124515,19.104973,22.022716,24.020824,25.0,24.020824
20260626_180449,2026-06-26T09:05:02.692279Z,skeleton,RX2,12.041595,11.313708,11.401754,10.816654,11.18034,11.7047,11.7047,10.77033,10.77033,8.944272,8.602325,7.81025,5.656854,3.605551,1.414214,1.0,4.0,7.0,9.219544,10.77033,11.661904,12.041595,11.401754,11.18034,9.219544,7.071068,19.235384,21.095023,23.021729,22.803509,21.931712,20.518285,17.691806,15.620499,14.422205,13.416408,13.601471,13.341664,14.142136,14.142136,14.035669,15.033296,14.142136,14.035669,15.033296,14.0,14.035669,14.142136,14.317821,13.601471,13.928388,13.416408
20260626_180449,2026-06-26T09:05:02.716266Z,skeleton,RX3,27.730849,26.400758,23.769729,20.615528,17.088007,13.416408,9.433981,7.81025,6.324555,7.0,8.062258,10.198039,11.18034,12.165525,12.165525,13.152946,13.152946,13.341664,12.165525,11.401754,10.77033,9.848858,9.433981,8.602325,7.81025,7.071068,12.083046,8.544004,5.09902,5.0,8.062258,12.041595,16.03122,19.0,20.024984,20.223748,20.615528,19.313208,17.888544,16.124515,15.0,12.806248,11.401754,8.602325,7.615773,7.0,9.486833,12.529964,16.643317,20.248457,24.698178,26.925824
20260626_180449,2026-06-26T09:05:02.745435Z,skeleton,RX1,13.601471,15.0,15.620499,15.620499,14.866069,13.453624,11.401754,10.0,8.944272,7.28011,7.071068,6.0,6.082763,7.28011,6.708204,6.708204,6.708204,6.403124,5.656854,5.0,5.385165,6.082763,6.0,7.0,7.071068,7.071068,17.464249,18.973666,18.788294,19.235384,18.027756,15.0,12.041595,7.81025,4.472136,3.605551,5.385165,8.544004,11.7047,13.0,14.764823,16.124515,16.643317,16.401219,16.401219,14.866069,13.453624,11.401754,8.944272,7.28011,7.28011,8.602325
20260626_180449,2026-06-26T09:05:02.776908Z,skeleton,RX2,18.027756,17.204651,15.811388,13.601471,12.206556,9.433981,8.062258,6.082763,6.0,6.324555,7.615773,8.944272,10.29563,12.083046,12.649111,13.152946,12.0,12.165525,9.848858,6.708204,4.242641,1.0,2.828427,5.0,7.615773,10.049876,15.132746,14.317821,14.866069,17.464249,19.235384,21.023796,21.931712,22.472205,22.135944,20.880613,19.646883,18.439089,16.492423,14.56022,13.601471,13.0,12.529964,13.038405,13.601471,14.21267,15.556349,16.278821,17.029386,17.804494,18.027756,18.027756
20260626_180449,2026-06-26T09:05:02.805426Z,skeleton,RX3,9.433981,11.401754,14.142136,16.03122,17.0,17.029386,17.029386,17.029386,15.132746,14.142136,13.152946,11.18034,10.049876,8.0,7.071068,6.324555,5.830952,7.071068,7.211103,7.615773,7.615773,7.28011,7.071068,6.0,5.0,4.123106,17.720045,20.615528,22.36068,22.203603,21.095023,19.026298,17.029386,13.0,9.055385,6.082763,3.605551,3.162278,5.09902,7.28011,9.486833,10.198039,12.165525,14.035669,16.0,17.029386,17.262677,17.262677,16.278821,15.132746,13.038405,10.049876
20260626_180449,2026-06-26T09:05:02.837223Z,skeleton,RX1,19.0,16.03122,13.152946,9.848858,9.219544,8.944272,9.486833,10.198039,10.0,10.0,10.049876,9.055385,9.219544,8.544004,7.211103,7.071068,7.211103,8.544004,9.486833,10.198039,10.198039,10.198039,9.219544,8.062258,6.0,5.0,4.123106,2.828427,6.0,11.0,16.03122,19.0,23.086793,24.33105,24.738634,24.351591,21.931712,19.723083,15.264338,13.038405,8.062258,5.09902,2.828427,5.09902,9.0,13.038405,16.03122,20.024984,22.022716,24.0,25.019992,24.020824
20260626_180449,2026-06-26T09:05:02.865785Z,skeleton,RX2,18.788294,17.888544,16.552945,15.231546,13.416408,11.18034,8.602325,7.071068,6.708204,7.28011,9.055385,10.049876,12.041595,13.341664,13.601471,14.317821,13.601471,12.041595,10.0,7.211103,3.605551,1.0,3.605551,6.708204,8.602325,10.630146,15.297059,15.132746,16.0,18.027756,20.099751,22.022716,23.0,23.021729,23.086793,22.203603,20.615528,18.681542,16.492423,15.297059,14.142136,13.038405,13.0,13.152946,14.142136,14.56022,15.811388,17.088007,18.027756,18.384776,19.697716,19.697716
20260626_180449,2026-06-26T09:05:02.900295Z,skeleton,RX3,27.45906,25.238859,23.021729,18.601075,14.422205,11.18034,8.246211,7.071068,7.211103,8.485281,10.0,10.630146,12.041595,12.806248,13.453624,13.453624,13.453624,13.453624,12.041595,11.401754,10.29563,9.848858,9.219544,8.062258,8.062258,7.071068,13.0,9.0,4.472136,5.0,8.944272,13.038405,18.027756,19.723083,21.023796,21.18962,20.880613,19.416488,18.027756,16.0,14.142136,12.165525,9.219544,7.0,6.082763,6.403124,8.602325,13.0,17.464249,21.931712,25.495098,26.832816
20260626_180449,2026-06-26T09:05:02.929386Z,skeleton,RX1,20.124612,16.552945,12.649111,10.0,8.544004,7.81025,8.602325,8.944272,9.486833,9.219544,9.219544,9.055385,8.0,7.071068,6.708204,6.403124,7.211103,8.062258,9.486833,10.440307,10.440307,10.198039,9.055385,8.062258,6.0,5.09902,3.605551,2.236068,7.211103,11.661904,17.0,20.808652,24.839485,26.870058,26.907248,26.400758,24.698178,21.954498,17.888544,13.416408,9.848858,6.403124,3.0,5.0,8.944272,13.0,17.464249,21.023796,24.166092,25.495098,25.942244,25.059928
